email,password,uid
perf_0001@example.com,PerfTest@12345,ktzRB8xkBUOOrsQy1pipbHBEAVR2
perf_0002@example.com,PerfTest@12345,DAPEgEOtkHVmgz4OPBJ50sF67ex2
perf_0003@example.com,PerfTest@12345,gggHBNiAJKfMlEApPtucwUbKelA3
perf_0004@example.com,PerfTest@12345,t0PI2hIQm4btHppOinpVI4gh2Cu2
perf_0005@example.com,PerfTest@12345,wvAoa6du5VZJxMeyQFBq5yiSoWu1
perf_0006@example.com,PerfTest@12345,27j6EvbmzrSH4yd1yjMGD8gCV0o2
perf_0007@example.com,PerfTest@12345,67kjjFWlUFREjlx6qUfUWj699e33
perf_0008@example.com,PerfTest@12345,5osfrTmKOKUOu3aayc874oY05CI2
perf_0009@example.com,PerfTest@12345,UVFpcwBzP8URLQ82J9oUYxWxM0H3
perf_0010@example.com,PerfTest@12345,iDApsclzK7WwEkIZ3VKjt6rrRtb2
perf_0011@example.com,PerfTest@12345,PsoG00OdnzcXOrJnIUkaBUzDACl2
perf_0012@example.com,PerfTest@12345,yTVVuBz84OYzZk1Dm52Jj2j0ZTw1
perf_0013@example.com,PerfTest@12345,tThxfbF4Z6RTwYFmgVgnDIkgCn43
perf_0014@example.com,PerfTest@12345,job2iQz91teYlM0JeLUYbWk7Dxt2
perf_0015@example.com,PerfTest@12345,q6iQIpKm6mYJaZGS6i5K5CtrE093
perf_0016@example.com,PerfTest@12345,RD4mCBgWRfXXzdCV38LttHNNB163
perf_0017@example.com,PerfTest@12345,1WHhmRItsjZYdnVJnfYMJtutiYf2
perf_0018@example.com,PerfTest@12345,xAjYQ6qwB0fZAw3rvcJyuhqjX632
perf_0019@example.com,PerfTest@12345,2JYA2pAugTZpmTqo4FLVid2mOCu1
perf_0020@example.com,PerfTest@12345,t6FPnXot8kNpSelSH5oZJg5lqLF2
perf_0021@example.com,PerfTest@12345,J3Sb5WG2m9PT6Cr2txNw3l6ji632
perf_0022@example.com,PerfTest@12345,q5QHEvwWACXzLOurSsnBK8PtHsd2
perf_0023@example.com,PerfTest@12345,lRTsDp1GhDRNdaTHIwgDHJKrbcg2
perf_0024@example.com,PerfTest@12345,n0C7TUxrbzdwEHj6sigbYd2l8Yo2
perf_0025@example.com,PerfTest@12345,PwomPyJL8uhb3Z5C4uvjYGFyuLZ2
perf_0026@example.com,PerfTest@12345,pwrrbHo7tNPhFT04INGQ2TL82WS2
perf_0027@example.com,PerfTest@12345,YuEVstJVT6UnsIxkUi6jVUtqQp32
perf_0028@example.com,PerfTest@12345,rwdToGinxeWdCoOMK54VIwfHa7D2
perf_0029@example.com,PerfTest@12345,bQYeOwyXkZcxzIPIH9mH8jXxKQN2
perf_0030@example.com,PerfTest@12345,sDTxBjRJtVgqC1Ch0jPIG5QeXff2
perf_0031@example.com,PerfTest@12345,kb4UNP0UyLO54YyJmvUFJpfFHqz1
perf_0032@example.com,PerfTest@12345,dzKuvGWQGmZRie3tclKNNFRXrUn2
perf_0033@example.com,PerfTest@12345,UyF3RTarL7Pra54Moh65nxzgF7V2
perf_0034@example.com,PerfTest@12345,CLy3YNCwEhZbPEKp2LUDRhckGQR2
perf_0035@example.com,PerfTest@12345,pPpDFqkl1ERnp1F2I1DlaAhTCB53
perf_0036@example.com,PerfTest@12345,Fa5lUEiWElTgZgh7juIQ81gX36G3
perf_0037@example.com,PerfTest@12345,pLp1FYNHgIhFMJAMhoJ9b7E8W2r1
perf_0038@example.com,PerfTest@12345,7x2kpxX2NMXVI0u99U1zniWeu3y2
perf_0039@example.com,PerfTest@12345,pHYizJ02LedqAKIUEZr5Df2ruRJ3
perf_0040@example.com,PerfTest@12345,DX3puw1qZuRy5D5a1buwApxsUl62
perf_0041@example.com,PerfTest@12345,fj0sd9pllNdByxNtL6vHZ3OijHm1
perf_0042@example.com,PerfTest@12345,HZbu6m4RPYeEltSY2ZYftnsLYZH3
perf_0043@example.com,PerfTest@12345,2ekSbjARXZP6X1hcMpyN6R0lkQe2
perf_0044@example.com,PerfTest@12345,25YxJICkIWQecdwgjKcyoRYh3KG2
perf_0045@example.com,PerfTest@12345,ZJ8nYN19aSPpIucq2TNVZDZz1nn2
perf_0046@example.com,PerfTest@12345,iMuo7wc9EXfFX1xxzUZskKPTB613
perf_0047@example.com,PerfTest@12345,8T2FUyiUgtTVEomd0B7JOqyrJen2
perf_0048@example.com,PerfTest@12345,LAyWpolwakTyirGdNhvXPpDBPNy1
perf_0049@example.com,PerfTest@12345,AkNa8KIu1sPKg89quARAXzWoqZr1
perf_0050@example.com,PerfTest@12345,9oO8XBXpz1Y4HIjzL1bT9oBtfE62
perf_0051@example.com,PerfTest@12345,8QZqtR234BgaSADQlybTnWRpMon1
perf_0052@example.com,PerfTest@12345,mMN5jaB6RLZ23okY6vXXUkqkhmZ2
perf_0053@example.com,PerfTest@12345,TDkuB8ec17WGc7MfE8s4laPqRYI2
perf_0054@example.com,PerfTest@12345,NVdH9UeMS0RLy1cCkwbwbCpwjZq2
perf_0055@example.com,PerfTest@12345,WKjeKa3wzIM0bU9fSBz846bpv3p2
perf_0056@example.com,PerfTest@12345,WwAjDN0P67MOdicv2Mz6XOb6qqy2
perf_0057@example.com,PerfTest@12345,8PW78B5duwYdAoQAi0ffQRYaHc53
perf_0058@example.com,PerfTest@12345,XSOTcoJB2Wc2ZRh9uKOkG753QO72
perf_0059@example.com,PerfTest@12345,cAcE8fAzzecRhlDskb9kKYyVEYY2
perf_0060@example.com,PerfTest@12345,MGYsw6nQbIhp5XeP4Tvs0b5Qi8q2
perf_0061@example.com,PerfTest@12345,ANJpe5SdlUN1oc6vr7SA5E3CCD43
perf_0062@example.com,PerfTest@12345,MEGWrJTT17TY796UJoOVHDTu2Ml2
perf_0063@example.com,PerfTest@12345,7iglgE9EA1bpsce0pH6g5pf6a5Q2
perf_0064@example.com,PerfTest@12345,e77bgmMZ1UNuHJ96zLhtZW6bVCB3
perf_0065@example.com,PerfTest@12345,m28GaBIiXjZUMSPZdNISxB5MCSG3
perf_0066@example.com,PerfTest@12345,AFxxTEztOWQb9OU7hHFOU2eRiXS2
perf_0067@example.com,PerfTest@12345,r959H9xaQHcttVARGoUR8OhnGdF3
perf_0068@example.com,PerfTest@12345,xXcCnP5C9zYK1oAN3v2DV4CQnVp1
perf_0069@example.com,PerfTest@12345,WxL8Vjc3JpZuj4Odf7uMublYzym2
perf_0070@example.com,PerfTest@12345,AqgdFGWkxqXPkNxTIv5yfWERa6t2
perf_0071@example.com,PerfTest@12345,IJqhmDdfBXgil6u6MvzYlaXXDGR2
perf_0072@example.com,PerfTest@12345,Q58zqi05mEavHrE6qJ8PCpSl9QF3
perf_0073@example.com,PerfTest@12345,E0xGEn5DcRchS1tM0UONF2DGiLC3
perf_0074@example.com,PerfTest@12345,ZViRUx1n7mWWkUnxHJxDuOckeJB2
perf_0075@example.com,PerfTest@12345,ntuid0gKEqhMSAFjfniwOsPWpmz1
perf_0076@example.com,PerfTest@12345,IN41gbWuJreZBFocYDPJjB9Lr2i2
perf_0077@example.com,PerfTest@12345,mCiYKBSj72gfO7kn2jOoHThXupl2
perf_0078@example.com,PerfTest@12345,fXMDThbj0TXkwWWkb1BvMwUMYAn2
perf_0079@example.com,PerfTest@12345,twGJm7uGcvMMHT2OjgSzBjThGBF3
perf_0080@example.com,PerfTest@12345,TwkL7wW5yLZ84mIizrQm7WpaR002
perf_0081@example.com,PerfTest@12345,vvFAIDBlGyVcOppFiomWUpcdi8Z2
perf_0082@example.com,PerfTest@12345,1LyUaiJvXyYV9O7hKG3OhRdzH732
perf_0083@example.com,PerfTest@12345,PWtyKwc4gGOqG1QTHNKMrcvxZRx1
perf_0084@example.com,PerfTest@12345,qrKFFUcC6IWOzc1IoMGRLXcrvIQ2
perf_0085@example.com,PerfTest@12345,00cywN4cMdMadY0kko2rL0XhJgi2
perf_0086@example.com,PerfTest@12345,0PgnoOyTdvelPqrbuYMKpLX4S982
perf_0087@example.com,PerfTest@12345,HE3UNzqV7fXki7aQtQ2hANhA40P2
perf_0088@example.com,PerfTest@12345,p2HYVMpt5qUqVXDlNXNTn9VIwh73
perf_0089@example.com,PerfTest@12345,iXzmc2qCcKNVJjekvLAIU7BBFxi2
perf_0090@example.com,PerfTest@12345,ftbUnEdUheYb9gLfBfCx80viwdh2
perf_0091@example.com,PerfTest@12345,LEbUSeS7bIcVnRapjFXo4eSgX3j2
perf_0092@example.com,PerfTest@12345,ziY3DnyNdaeQtZLAJrjvR4I129f1
perf_0093@example.com,PerfTest@12345,bq4AWdpWw9Xvwbf99bQ0LQqzJ602
perf_0094@example.com,PerfTest@12345,3xGeksh9S3VBAZqjZnXseb2FuBI2
perf_0095@example.com,PerfTest@12345,vedV5P9roMVOAQ72FvpXPLoCZC53
perf_0096@example.com,PerfTest@12345,VAePMfoyHYPHli5rbqZeB8UDzT12
perf_0097@example.com,PerfTest@12345,e9lJgoW9PtUSxo1Oz8CQTj03uAi1
perf_0098@example.com,PerfTest@12345,XvD4O1aNfzNQyUIqFJWi01ru2OY2
perf_0099@example.com,PerfTest@12345,mbVGb8vLoYftW9jItv1V5BDhUXD3
perf_0100@example.com,PerfTest@12345,T7V12kqOWUgT3VUE5I2AoQvWmkY2
perf_0101@example.com,PerfTest@12345,BUVpL6o0t5YJcAgvplmoXBDW01U2
perf_0102@example.com,PerfTest@12345,Dc0qrvs2FzUU7aK9G59QtgYqfs63
perf_0103@example.com,PerfTest@12345,WfGDk48TcWcp17KryRPmuGdcHj23
perf_0104@example.com,PerfTest@12345,p2oR80d49Mc4IcFq95cZvMrIEL42
perf_0105@example.com,PerfTest@12345,kmU27lNmOPRjTOjvyJxo7YTQtKd2
perf_0106@example.com,PerfTest@12345,s9K7CtPVchgatmCqqedqwLY2RZJ2
perf_0107@example.com,PerfTest@12345,Ua3Z11b51va5iGXrIgZwlNAUrSd2
perf_0108@example.com,PerfTest@12345,uquUuWBMQ1bffsqBsZnbr3lsgxz1
perf_0109@example.com,PerfTest@12345,P0xLstgMyDPuIjQcnzKD3kVL2Dk1
perf_0110@example.com,PerfTest@12345,cJxTA9AgFXaS2CR5Ssdttefhi2G2
perf_0111@example.com,PerfTest@12345,u2cJLQdDZHhE8acHg5Xj6VubGDq1
perf_0112@example.com,PerfTest@12345,tTPNaGsBk9Ui85xDlAGv3KXyjYv1
perf_0113@example.com,PerfTest@12345,wQRXgT01znfpwXVMYrRF1yOPZls1
perf_0114@example.com,PerfTest@12345,wlgmgiTb6jdbJI9jgmad0F1h3q73
perf_0115@example.com,PerfTest@12345,RzR5zQd0S9hawUnqAt6lPl2j9zk1
perf_0116@example.com,PerfTest@12345,chdxX4n0sVhuEQY1ulbqtBP1QS33
perf_0117@example.com,PerfTest@12345,9D1thurP5xdY5ICcwBRpqwW6wDu1
perf_0118@example.com,PerfTest@12345,pIOcCKHJ0EgyQR6H5u36Ucbmdtr1
perf_0119@example.com,PerfTest@12345,PVMR9a4rtLWizOp94uNJCCMWRkF2
perf_0120@example.com,PerfTest@12345,0oJ4SNaGyBgpZaWG6nXzYIJ5pdp2
perf_0121@example.com,PerfTest@12345,BBWHfh4n6jNH2H8oLxMAeHFJKQm2
perf_0122@example.com,PerfTest@12345,PzdPPRYmLdZHLOTlu1i41P0A1f03
perf_0123@example.com,PerfTest@12345,nkPU0A0RsWaniZSWt54I1segRM22
perf_0124@example.com,PerfTest@12345,sYVEeO9NvgNCEZcmAXjXuQRQ0Mk1
perf_0125@example.com,PerfTest@12345,QWMEMb3UhvPbTOkJ9VkS7w0yjYX2
perf_0126@example.com,PerfTest@12345,0eZWpFgFhEMghXAxldQZJP6339C2
perf_0127@example.com,PerfTest@12345,L6T4appxMAhBE2pYrJyrg4KkVQ43
perf_0128@example.com,PerfTest@12345,Z5LLgXgXpMbpQuo9YJSxVoGN1Wo2
perf_0129@example.com,PerfTest@12345,cy7tlZ4QwPTorMkLeuWuGbQsI303
perf_0130@example.com,PerfTest@12345,mj4d0zKoVCf6cvd5tE1QAgvmCOf1
perf_0131@example.com,PerfTest@12345,x4qiYk2oShaweYjXsSM70E3j6Sv1
perf_0132@example.com,PerfTest@12345,TRQpx9U0pWgitOcx5VHov5AbtB92
perf_0133@example.com,PerfTest@12345,SJvZp1LWTxcmDXYGjWCfadaj9Mh1
perf_0134@example.com,PerfTest@12345,tM4miLcibaXZF63J0cduYITGjxp1
perf_0135@example.com,PerfTest@12345,qgagk9ToufY028Y879gW93W3qAJ3
perf_0136@example.com,PerfTest@12345,hcPaybFhGhedOjr7sDlXTye2Uh13
perf_0137@example.com,PerfTest@12345,sUoy9lnsCgU4t3rusrYs7VQYP5u1
perf_0138@example.com,PerfTest@12345,6xntnmu0sIVAKROVaCX4Z2IAQwD2
perf_0139@example.com,PerfTest@12345,sdgoNn9pTWhr4B2V0jARW1pewwG3
perf_0140@example.com,PerfTest@12345,3i6IdvMDHIa6jJBtxp9gT4E51NM2
perf_0141@example.com,PerfTest@12345,3SN2DLkhhQbsFhN7047vaslRiaB3
perf_0142@example.com,PerfTest@12345,bBqXNnOixJb3cIqsRWvhnYuNJcx1
perf_0143@example.com,PerfTest@12345,T9orwWQj1xZdHZBh66aFVRX9i9q1
perf_0144@example.com,PerfTest@12345,8bLPPL5hYQhdtALhxh1BDYaT3z33
perf_0145@example.com,PerfTest@12345,YqFUtxG9CSOKoG5umqRZtN0oiqg2
perf_0146@example.com,PerfTest@12345,5Sz9db9ZuQeuVRlI7kjMrKzt6h12
perf_0147@example.com,PerfTest@12345,aIrc9WoipveHbJMo94CT99DbTqs2
perf_0148@example.com,PerfTest@12345,DNHOmreJtrVRkyUG1XTDkwF2oqB3
perf_0149@example.com,PerfTest@12345,9Wwl9LlytecwLCVsZP3RsIjOyz12
perf_0150@example.com,PerfTest@12345,0Hnkx5qDKkU1guxF5u3EdOPwNdZ2
perf_0151@example.com,PerfTest@12345,QHi3r4qbwVdCwoZkVleiB32jDPf1
perf_0152@example.com,PerfTest@12345,YVIJyp8l6MNJ7nt8kSlY6debqgF3
perf_0153@example.com,PerfTest@12345,X8H8SzUx2YRZmtHFISehoE1OigF3
perf_0154@example.com,PerfTest@12345,FBqYONOg83gCBIW0yJXGtLoWVdU2
perf_0155@example.com,PerfTest@12345,vViGyKYujHcy4GvTadRVM7iLZE82
perf_0156@example.com,PerfTest@12345,FmUM89uKGRTCPptzOBUJ5nHtmPK2
perf_0157@example.com,PerfTest@12345,qHCQNdZfUfQV9JbqSsamyzAavss1
perf_0158@example.com,PerfTest@12345,VVje35T3xYWKXN8BG2Xjqy6XjBb2
perf_0159@example.com,PerfTest@12345,EROrrZwRtZcmCkiQDxpZMrPh6Zg1
perf_0160@example.com,PerfTest@12345,DOVx6PFvu3RIyQU4pejwusGsWwh2
perf_0161@example.com,PerfTest@12345,MdrgiOwpjaVqQLhyDU8YKXeUTv42
perf_0162@example.com,PerfTest@12345,1KUCRgLkNvTWMl3OQUVyyiNzrri2
perf_0163@example.com,PerfTest@12345,I1fTZzmYtvONsFqe7ur6WRQD41w2
perf_0164@example.com,PerfTest@12345,uhL4qOKsHiWChd1McveXRKdJwov2
perf_0165@example.com,PerfTest@12345,Ow74y9jOD1d7Sc4Dni1OoaTHjDz1
perf_0166@example.com,PerfTest@12345,oI9tmRUt52RPZqn6yAjRFoy7dpd2
perf_0167@example.com,PerfTest@12345,j26qqpCHzSgwDYaGTbsMT68AUmi2
perf_0168@example.com,PerfTest@12345,qFyRhySApTcTz6uL2nyoVnqWm0r2
perf_0169@example.com,PerfTest@12345,HDKAuIlmXVaYtR5xkosCWbhZNTK2
perf_0170@example.com,PerfTest@12345,WSmE9HLwlIdjHQuXRDNL88kJ4lk1
perf_0171@example.com,PerfTest@12345,Nv76MAPo72NgH5OxYfHDKg2z6E12
perf_0172@example.com,PerfTest@12345,IeJ6f8LKSEhDp2MgbwDQo9Gghm33
perf_0173@example.com,PerfTest@12345,bTUoElIj7Uc7VpAH1voYEuGH6V93
perf_0174@example.com,PerfTest@12345,G3AceUdkByOdBUY5jqhe5kg9XdM2
perf_0175@example.com,PerfTest@12345,ac3nfOwdPRezZC2Bue2OS37IlCJ3
perf_0176@example.com,PerfTest@12345,YnjFJVcMkidkKLxZUofgmUIZOPx1
perf_0177@example.com,PerfTest@12345,soB4mvUBpoh5vMyuDlFv19mTPcf1
perf_0178@example.com,PerfTest@12345,4dPEdtpKm4MyDXk2JneCf2kl0P93
perf_0179@example.com,PerfTest@12345,oYYkY4Nc68QVmF33wxQV1HsnQnV2
perf_0180@example.com,PerfTest@12345,ecbpMhJtgNRhv0UygKXAsR65JOH2
perf_0181@example.com,PerfTest@12345,QF2ZfyuzSwRf9Vp4FC8HYYU09u52
perf_0182@example.com,PerfTest@12345,8nP7z5Ey9QetqLG1aK4CN93CnRW2
perf_0183@example.com,PerfTest@12345,cU9hmDjAAnXmB9MZwnF5UOLtOxO2
perf_0184@example.com,PerfTest@12345,m5OKAryBB2flaybDfGahSoQlVMf2
perf_0185@example.com,PerfTest@12345,iI5YJht2WtUILVoYUCZ3EB4cWFD3
perf_0186@example.com,PerfTest@12345,lc6Aerw0aEV2S67BQGrinYZqtm43
perf_0187@example.com,PerfTest@12345,z2hGs9uSUJSHBbWHnAvVgEgXoo72
perf_0188@example.com,PerfTest@12345,6tuL6bykUwUxvSpA4pWMfDjeFbI3
perf_0189@example.com,PerfTest@12345,zIbqHiD7sHYhJbYC8HkZfdcDE1u1
perf_0190@example.com,PerfTest@12345,oDqlXs9lhJTS6HZHcNjefEGMFuh1
perf_0191@example.com,PerfTest@12345,IcF5pPAmBOcFS0Mnrogag1YUIoj1
perf_0192@example.com,PerfTest@12345,5rT9RddZUwQbQ3GuJuhNDQcrmLd2
perf_0193@example.com,PerfTest@12345,q4q43sMPDAbzuXIdf35vtSGWanC3
perf_0194@example.com,PerfTest@12345,5mzwxg4Jxkf57SpNM2a99OmN1F53
perf_0195@example.com,PerfTest@12345,fCVO30Fgo6gUBt8r15HiZpRDngY2
perf_0196@example.com,PerfTest@12345,wM5tVJr73jh8fEiND6xUSfUhhDG3
perf_0197@example.com,PerfTest@12345,299Py6gpC4dBopi3OhPhJTgbtYy2
perf_0198@example.com,PerfTest@12345,wJARWEJx7pcWG892SfqsM7ssMgE2
perf_0199@example.com,PerfTest@12345,5pNuwIQopheyAe0muBxBFCjVEB33
perf_0200@example.com,PerfTest@12345,wSUeu2IFICYG4VMPSd82nDs58dL2
perf_0201@example.com,PerfTest@12345,vqeV1dw7DbWMM8PVSEn9ir3HJ7M2
perf_0202@example.com,PerfTest@12345,ci6YHvUFvWbfmHFDzuBPkPMki2y2
perf_0203@example.com,PerfTest@12345,BTdpOJa52zMR0l4VEiSr5di7uij1
perf_0204@example.com,PerfTest@12345,GgzTF2cpk3Uew1fLGFuMPsTDurj2
perf_0205@example.com,PerfTest@12345,pFQ12QsdueZscY6thRUaH9dFdsl2
perf_0206@example.com,PerfTest@12345,KzqrhTBIiSVSlyelLmeWkJPcyyC2
perf_0207@example.com,PerfTest@12345,uEzgTdVevtOAI38wfTHn9ljEZGu1
perf_0208@example.com,PerfTest@12345,qZuMmDE3bXhESvUytDVFspfe30R2
perf_0209@example.com,PerfTest@12345,anlak4nRbcOhvHhzuvJdirHRU3P2
perf_0210@example.com,PerfTest@12345,SwTfEPCtKrM4nIMuPPPF2iIXGDw2
perf_0211@example.com,PerfTest@12345,4XVh5D25mUfQhhSCFc54mVAm3BF2
perf_0212@example.com,PerfTest@12345,W4SwHRqpqNPnEccxu0eMCIP0auk1
perf_0213@example.com,PerfTest@12345,ec0NpbWmhweexSoO6wsbAR1WXV53
perf_0214@example.com,PerfTest@12345,OgIhlDsvEKQuahUeaBPQw2s78Eq2
perf_0215@example.com,PerfTest@12345,ZZI7n69uCFNeUW1SbX8AYUkKCAJ3
perf_0216@example.com,PerfTest@12345,ozbuEvcTFrg7AfqfUcOsUXsJI2H3
perf_0217@example.com,PerfTest@12345,We912k9QuLSegnDeisll1RWslwm1
perf_0218@example.com,PerfTest@12345,J4xrx9gkfFU0jnjQcha8PbF1Jd22
perf_0219@example.com,PerfTest@12345,rY3np6wkbdWmeBFGwpDvCM1APDg2
perf_0220@example.com,PerfTest@12345,baTZ7DgfjvNmdTM3tBu6tAkdlSa2
perf_0221@example.com,PerfTest@12345,gFz8S36iBOgQEqwaWRVUHknxXC63
perf_0222@example.com,PerfTest@12345,mSnmppiIpyNAB8zaY228kzDTByX2
perf_0223@example.com,PerfTest@12345,1DcMhrGFXaQf3xt9T6pGZJVue273
perf_0224@example.com,PerfTest@12345,gpjKkCCjFIXXnCJWJMAtBGahIBF3
perf_0225@example.com,PerfTest@12345,P8nfus9GCxRT8ZeVur3nWUVzGYx1
perf_0226@example.com,PerfTest@12345,L9VraMWacPNeG8lAGF93pQbVSmc2
perf_0227@example.com,PerfTest@12345,18VMBFWultQBPh92nXC8qC7lKxF3
perf_0228@example.com,PerfTest@12345,2G9oJ0z2PdYVdvAGmMBoSMyiX8t2
perf_0229@example.com,PerfTest@12345,cIwkcHulVgeXJyDX7a1MKo0TrK53
perf_0230@example.com,PerfTest@12345,E0usk1xG9SUWmwV6SlJALnqR2fP2
perf_0231@example.com,PerfTest@12345,uN8i6VMIPKZ17QHu5EUbuqwzAUx2
perf_0232@example.com,PerfTest@12345,0WKBZr2dfibbdtwFJ54qP6G7bFh1
perf_0233@example.com,PerfTest@12345,gRlPAqUAWLOrjISZzAdYrSQ6apD2
perf_0234@example.com,PerfTest@12345,A2RGFM2wseRVymbvGq91tWDhhLG3
perf_0235@example.com,PerfTest@12345,P5ETsvqN5cgRKydwjZdddS0UdR82
perf_0236@example.com,PerfTest@12345,SC2hz96xrjPRRA5CxiRM79ROlnJ3
perf_0237@example.com,PerfTest@12345,P5EMWgPR6De77bAMWzxcHijKbZ63
perf_0238@example.com,PerfTest@12345,JDNK8ixvXBY2yT7HPtVPruzARQS2
perf_0239@example.com,PerfTest@12345,bb61zF6Aa1V2VDT8oikavePkeca2
perf_0240@example.com,PerfTest@12345,2DCQxC0JI4PM2wN3kbm87QzhOPn2
perf_0241@example.com,PerfTest@12345,ZF4Xarz9cjfdShGeJ4X0TIverrH2
perf_0242@example.com,PerfTest@12345,l0qp5vXequgxO5v4qXRvDgr0O3B2
perf_0243@example.com,PerfTest@12345,LyEklwt7IzNVtKCID9UNU73pV8i2
perf_0244@example.com,PerfTest@12345,CjELqkoZWEchcpQCrk1ELFNmTvA2
perf_0245@example.com,PerfTest@12345,LuyVRgIIvGSd38vGcrVXPE3vRUu2
perf_0246@example.com,PerfTest@12345,CIqWcJJ6PCVR5sNlnQRp7stf9bQ2
perf_0247@example.com,PerfTest@12345,bjVxuxbBoTbQWWIwm3izuU0334T2
perf_0248@example.com,PerfTest@12345,lBg1HZ5o2rd60T2MxEdPWsVIPom2
perf_0249@example.com,PerfTest@12345,jsk3BaWt7lQrVGauOXVNei2SOX63
perf_0250@example.com,PerfTest@12345,OcB4ICUT8WaU8jVix672L6AedTk1
perf_0251@example.com,PerfTest@12345,eyDzUaRbrLRjNfr9VKmxWZutLcL2
perf_0252@example.com,PerfTest@12345,BTYhDV0zyPdPoE1BCzhBoWqkm8X2
perf_0253@example.com,PerfTest@12345,DZnMaLwyNXc3GYFLyy2F00XIpFj2
perf_0254@example.com,PerfTest@12345,qfjsubiOadhJfNjaRjJcUPl1Anh2
perf_0255@example.com,PerfTest@12345,KQ9Bfj0IxiT3a0MV37FVW78Fh6b2
perf_0256@example.com,PerfTest@12345,eJtXUAKTJ9TrhHfrfWmvFw9gifl2
perf_0257@example.com,PerfTest@12345,YjbVPyqDe2eIdsu5yYF4rrO1hMW2
perf_0258@example.com,PerfTest@12345,SeWlmnLYN9aekvjAPIXdUZwjA6T2
perf_0259@example.com,PerfTest@12345,yR9nhFjwfwYQ3Hxod2PvZM06zys2
perf_0260@example.com,PerfTest@12345,hTzeLI0nDafJVCtWtuZpSTfF5WC3
perf_0261@example.com,PerfTest@12345,zmpuKKawpHgWbV7xT3FfVLfFM882
perf_0262@example.com,PerfTest@12345,jTu84DbALFbE2Y4vzoSAdUqiwxs2
perf_0263@example.com,PerfTest@12345,EUCWPIDaTRaNbHNqqBNlZgqZs4a2
perf_0264@example.com,PerfTest@12345,jTNlTz3fF0Q7lpeQFr3eYbUwlF82
perf_0265@example.com,PerfTest@12345,MYpzfdJPRrOTRWstBYj7nre3xRW2
perf_0266@example.com,PerfTest@12345,9ZhDgqRUvKcXYVyxUMTE7V8VKsA3
perf_0267@example.com,PerfTest@12345,RlowJjQ6ZiWc00rgrT4hrjil1kr2
perf_0268@example.com,PerfTest@12345,5W1iFbBv6UbvH0aLVRXouhs8EqW2
perf_0269@example.com,PerfTest@12345,TQjmgBjm1hVDKlbnigNoZPlirBj2
perf_0270@example.com,PerfTest@12345,06Td2xFIZGSaF4hx2vCEcEmJyVC2
perf_0271@example.com,PerfTest@12345,X6rN4cqnFEMWmVNQX6EGwMygojt2
perf_0272@example.com,PerfTest@12345,mn3OX41otlhnTYdws9jb9qrjpjg1
perf_0273@example.com,PerfTest@12345,H8kZEx56YWbVIgkMVfVY3KvSROE3
perf_0274@example.com,PerfTest@12345,LikL8eWU72bSGuOQ4gAk87Gtdtr1
perf_0275@example.com,PerfTest@12345,q1LDr8jiDfTBWIU5yONvmqUC7E43
perf_0276@example.com,PerfTest@12345,p6oT7GfeMQY2ZLglTq60zxUDpZ73
perf_0277@example.com,PerfTest@12345,wunn2NikajglJD2Pi2P5soDpdEA3
perf_0278@example.com,PerfTest@12345,gccbIUyOyAgxuN5Y9pVr9fuIXUD2
perf_0279@example.com,PerfTest@12345,DKGC2CGZV8hnbB9d7y1psqXSBa52
perf_0280@example.com,PerfTest@12345,CFRyapSn0NdxNuS0JnqbaVOsePw2
perf_0281@example.com,PerfTest@12345,mb7NI2aELNbXx1Em9p75dOKNAUh1
perf_0282@example.com,PerfTest@12345,rdeSl0dS9kZlQWnvjtHHGDCXHhC3
perf_0283@example.com,PerfTest@12345,srwnae10BIUez1ex68CCzePe9SU2
perf_0284@example.com,PerfTest@12345,2tOPxwphSHUYXuL4TP6tOFyt1P53
perf_0285@example.com,PerfTest@12345,9PEf2lmaH2dke1jwW6aT8s1NTVz2
perf_0286@example.com,PerfTest@12345,FVDkBhxUhRcHqfggSzAXRN0g8bu2
perf_0287@example.com,PerfTest@12345,W6WSmIVR0ibgUEmE1Ttzgzv0uDf2
perf_0288@example.com,PerfTest@12345,btouXlXSUrZeNj7rGJxRVmyaQrR2
perf_0289@example.com,PerfTest@12345,HPt23EHH8XdB3PqIK36zAkaWU6d2
perf_0290@example.com,PerfTest@12345,lUCYZq4SddckYPJqoLND9LlLjmX2
perf_0291@example.com,PerfTest@12345,CQ2FXqyvGvOFUvfPrblLom6DDOn2
perf_0292@example.com,PerfTest@12345,RStTDPe4AJUYFJIgIq6x4AZK5EJ2
perf_0293@example.com,PerfTest@12345,UkPLo8YLReWegzaIYOSUPB1UNS53
perf_0294@example.com,PerfTest@12345,VjKa5h39G6Txfh0ed2b7VPHAKVW2
perf_0295@example.com,PerfTest@12345,jYIkeE1vtkULEZeymUDkQ3b234f1
perf_0296@example.com,PerfTest@12345,D0RipTb5X4ZNewINy2QN5aeGvrM2
perf_0297@example.com,PerfTest@12345,QX6CU2FScVfkaXAtkdP5hcUKva82
perf_0298@example.com,PerfTest@12345,6EtVnRXLipPe8DJRdLcfbc4DVbg2
perf_0299@example.com,PerfTest@12345,3oQgRQpiKFSRrmxV5xc3mbiTjUD2
perf_0300@example.com,PerfTest@12345,NASiY3yuzJWzCnuJM8imqHtzpHv2
perf_0301@example.com,PerfTest@12345,9YWZiDuyQFMrD04sODpthyTJE8E3
perf_0302@example.com,PerfTest@12345,hzQieo4LU7hI1GLnAj72ZvjICbm1
perf_0303@example.com,PerfTest@12345,upxlrfQBA3OKxr7InUysAUP29Vu1
perf_0304@example.com,PerfTest@12345,5U9k7i86FrbZKAmM2lTPuugCGQU2
perf_0305@example.com,PerfTest@12345,DylGgG8TqCWIPHsl3f2cncBv3FP2
perf_0306@example.com,PerfTest@12345,utm3JgCVzgX7phpFd32C5V30bFJ3
perf_0307@example.com,PerfTest@12345,6OiMipl8fvRHaqZ4fkQyVlCh55d2
perf_0308@example.com,PerfTest@12345,KYFgimKguHfWJLrRtgYcb2KHiA43
perf_0309@example.com,PerfTest@12345,gSOK8RIktncObmDFL3vOSMikJ2Y2
perf_0310@example.com,PerfTest@12345,DYEy1RjrliVWICT0x9HDAFGrk8k2
perf_0311@example.com,PerfTest@12345,Luv69rGdUnca8lEcGmDqe0kDnFz2
perf_0312@example.com,PerfTest@12345,QS3HrUEinlYrHI5FjCkkQYh8YiR2
perf_0313@example.com,PerfTest@12345,YKWw09naHdPIwFW7ZDVaL7bPvVu1
perf_0314@example.com,PerfTest@12345,2kSZuCV4k7YDYfGQuhkqmi1LMuC3
perf_0315@example.com,PerfTest@12345,AmLBLeBTJ0Qmt2dbvbn27aHWQ383
perf_0316@example.com,PerfTest@12345,fRLhQ0bpjQh1Yaw9cxTRnx5oArY2
perf_0317@example.com,PerfTest@12345,AtPBb7pAA8ZxddTfyc1BmOJ7n5G2
perf_0318@example.com,PerfTest@12345,jn384kBlJZZeexBOY7kSHfHu3X93
perf_0319@example.com,PerfTest@12345,nimJAeteZpXBb0XaanfvcK6zAPH3
perf_0320@example.com,PerfTest@12345,3MCV4e4HYkXoRiy8IvuCZNBCRGt2
perf_0321@example.com,PerfTest@12345,pzS5qAuuUOTwGoNwhnsgx99XSnH2
perf_0322@example.com,PerfTest@12345,pqdKKdbYwJOq4UdeaCwEKQzEAtX2
perf_0323@example.com,PerfTest@12345,dHIkJvWFj6YcFtb1VHyoD9XIFyn2
perf_0324@example.com,PerfTest@12345,dtVi51J83ma4TcY1IPRNhJeLaRo1
perf_0325@example.com,PerfTest@12345,pM6fgH1zBFTjkgqZSKZ3Tu51APQ2
perf_0326@example.com,PerfTest@12345,uZYuoTrxGMgWZzK5zrQzBu3G2r53
perf_0327@example.com,PerfTest@12345,jbFn5f5HW5UnFpBAAmD0gHRqKVv2
perf_0328@example.com,PerfTest@12345,Qknp9wsSJjgVDGskiBKbroYEfmV2
perf_0329@example.com,PerfTest@12345,u4q6FX8lhSQxrRLly1v0qqvpHEy1
perf_0330@example.com,PerfTest@12345,LR69VSImtTeI8qHvJGUZ0wL5ji73
perf_0331@example.com,PerfTest@12345,uJKcz0nelgTXQge04UdtiRynYWl1
perf_0332@example.com,PerfTest@12345,9Yeq2JELmfT6BYlEdhHc05huSvI3
perf_0333@example.com,PerfTest@12345,yYSW51jNg1dmwNl0YqhJya1Zqvd2
perf_0334@example.com,PerfTest@12345,CzPoXg8XTQS72jlz9jiqa6UT1R22
perf_0335@example.com,PerfTest@12345,bHatsiNHtDQu6Id9dU69jLOilxE2
perf_0336@example.com,PerfTest@12345,4pcVnDx9o3Y57NqsChgTbCxTwar1
perf_0337@example.com,PerfTest@12345,0tRahP1sjPbGSkPKKwiK8VrNdcA2
perf_0338@example.com,PerfTest@12345,dvkQdNiKFYXEJ0wUl1zPD0JvF4c2
perf_0339@example.com,PerfTest@12345,HoDhqRmOt7fMDENsti08wPjhVaP2
perf_0340@example.com,PerfTest@12345,oO8mRqKazaQKluhLw3qjlAbAw8A2
perf_0341@example.com,PerfTest@12345,V0oIHEfr86UBG8pEM6qK8UgbnNO2
perf_0342@example.com,PerfTest@12345,zea4ongyQIc7pSv6jPfesVlHGBf2
perf_0343@example.com,PerfTest@12345,KZ0VQOHQ83a9YykNEmTnolc0lbH2
perf_0344@example.com,PerfTest@12345,CB6kgXVerzVFAasqMoa5gyBMgvU2
perf_0345@example.com,PerfTest@12345,NGg70HY5ehex0yllnxDd7gT52zX2
perf_0346@example.com,PerfTest@12345,RTZV0jphFgTKq4aBBYUhktxEVQ22
perf_0347@example.com,PerfTest@12345,oHEM1Ymc2ehfD5sLss1P7dF7SoE3
perf_0348@example.com,PerfTest@12345,7yA8upLVWAY5hVEYa5PmLWMSrLI2
perf_0349@example.com,PerfTest@12345,6HvncFGOY3fkQfM4hG83HSLHb6W2
perf_0350@example.com,PerfTest@12345,35UKbD4BtQgOq4ACTHMGsn6ozMu2
perf_0351@example.com,PerfTest@12345,UNj6fpGg4Eerfuvgo637f5zEakB2
perf_0352@example.com,PerfTest@12345,eCDyUSflvrW0DBvqfhCEwHwPxRP2
perf_0353@example.com,PerfTest@12345,4hJKIN3GZSXobbRX53voNF8QHjj2
perf_0354@example.com,PerfTest@12345,lrT9foZdJLZKTNwYSyXy01m4zZL2
perf_0355@example.com,PerfTest@12345,0Fm5YwSxjlZ4SrAn7ZlPlOOZaLM2
perf_0356@example.com,PerfTest@12345,LjDGlypxIhQMH3XD0ZXm4dcBlmC2
perf_0357@example.com,PerfTest@12345,dBFeszcmuObQlo7Srjp0m9LnzbR2
perf_0358@example.com,PerfTest@12345,JfwnyjpEYQTL4RElADyduU7L9RH3
perf_0359@example.com,PerfTest@12345,NuyaLa9wUsgRI2UEnOcLXJ6IKQA2
perf_0360@example.com,PerfTest@12345,vJpkwveyWeZMAjx6mD8uHO0DlwU2
perf_0361@example.com,PerfTest@12345,nMVlnfFGaJdgNG5XhmnzVvqLeQr2
perf_0362@example.com,PerfTest@12345,5l8f75DtiNXy8IJ0FMaQ7vaj11n2
perf_0363@example.com,PerfTest@12345,eu7E6kkxtwbV126nvFXNaig9mMq2
perf_0364@example.com,PerfTest@12345,JIEi2kKcjvfZ2l08txZB9aHJsAK2
perf_0365@example.com,PerfTest@12345,mwW4auikBRQduUIsrhMClGl8QRv1
perf_0366@example.com,PerfTest@12345,qooJiq4GF6ODojUPfQz5NFcFF2f2
perf_0367@example.com,PerfTest@12345,jfxrw6Lvd4OrKYrB1DEveMq5Huy2
perf_0368@example.com,PerfTest@12345,nmRskM0DRiYDlaRQh4HAEFv1SWj2
perf_0369@example.com,PerfTest@12345,PhNQpQEhIPUEDDGJsMR9T3Qof6x2
perf_0370@example.com,PerfTest@12345,pL5SdYQgokNeFW4tbf6K55Iuwiq2
perf_0371@example.com,PerfTest@12345,vj2rAu5tGaW2KofjYJGw9dLX5Ms2
perf_0372@example.com,PerfTest@12345,1b51MuWmXBhhEXXOkMv5vtjxzgG2
perf_0373@example.com,PerfTest@12345,BcuWRaJw8jWfRiS2VPN5tm1EcR33
perf_0374@example.com,PerfTest@12345,2cHEuZfRvKaTQWqAxwr5X09nFR03
perf_0375@example.com,PerfTest@12345,TiU3IZsaoxeZgbTev9y7ePquzOJ2
perf_0376@example.com,PerfTest@12345,genBtGuSAUe0puCtjtuSMciJjeo2
perf_0377@example.com,PerfTest@12345,wq6nXlryV8faPXq8XMGrlDu6URv2
perf_0378@example.com,PerfTest@12345,j791LkBHTbXCehj1mBAGbIoZyZg1
perf_0379@example.com,PerfTest@12345,7VZdQ7LIpke0xlbddldkRwYORn13
perf_0380@example.com,PerfTest@12345,2hNE59IVQMSd0YwpfNATqdpMwWR2
perf_0381@example.com,PerfTest@12345,wnvcRHf6YlVfjWdFPf52LUObOmI3
perf_0382@example.com,PerfTest@12345,CuqYjLuiPKaIc4IC0SHHSZQTx9z2
perf_0383@example.com,PerfTest@12345,VupmQEBXekYZkgmIDY0gswYmtcC3
perf_0384@example.com,PerfTest@12345,yd3YqbtoruaCqqLGtG8JfgjfRZT2
perf_0385@example.com,PerfTest@12345,7Yw07MDsGMUfYkFA1nEZEJCaSP63
perf_0386@example.com,PerfTest@12345,iQIbghCP24cPIP3y1XEE5WDCdA03
perf_0387@example.com,PerfTest@12345,QOdiBG1XVUMuQFEB7LfxK1hbh343
perf_0388@example.com,PerfTest@12345,t2hUipDIkRQftF4Rddn4RkM7FJV2
perf_0389@example.com,PerfTest@12345,X8D4CTYLBcNgJ3posCEfCR4xxXy1
perf_0390@example.com,PerfTest@12345,l9Qkt06f7HXRuqtswEltgNUwmKL2
perf_0391@example.com,PerfTest@12345,jjhWm4Lq1YTzKfLdp9xqD0X891A3
perf_0392@example.com,PerfTest@12345,FHa3hNveqqOO7vfvYmB1My7NIQ33
perf_0393@example.com,PerfTest@12345,56DTdX4lnTWqtSFcTD9fLwEoMQm2
perf_0394@example.com,PerfTest@12345,2cwKGSrNr9ZwMj1mV6wNPfw12KA2
perf_0395@example.com,PerfTest@12345,62OKw0e4AkRENHqbsO6RZZpxmZy2
perf_0396@example.com,PerfTest@12345,yIzGnGx79ZeoFcDKzBFEsK5YHiO2
perf_0397@example.com,PerfTest@12345,Krw0ycBPgQVm2sWLdDY03tVVVNh1
perf_0398@example.com,PerfTest@12345,3izz9lHcGthY0cH05BWUfWNxoD62
perf_0399@example.com,PerfTest@12345,SCbtrSlpbPVnd8TqwDHuEJkqW2D2
perf_0400@example.com,PerfTest@12345,67oNOH4j6PUMAPfbcxECNlyRMPj1
perf_0401@example.com,PerfTest@12345,PC2ccTzfMsXp8uEKbL8LEFGkgpj1
perf_0402@example.com,PerfTest@12345,qd56JiIFlJaC1ESYi7KazssfDhw2
perf_0403@example.com,PerfTest@12345,dZ50FGS8zNaYLPlD5cHgzfpvK0C3
perf_0404@example.com,PerfTest@12345,BFM1td020sZkSZlm6DdzOK4Obge2
perf_0405@example.com,PerfTest@12345,Lx8TWoZ8YMY4O40LCq8eh2R4G893
perf_0406@example.com,PerfTest@12345,RBJ8QOQt6QhHK7d1ymT0ap8xjPI3
perf_0407@example.com,PerfTest@12345,FCWfuNL0PNMWf8Tp06hHsGHIUos2
perf_0408@example.com,PerfTest@12345,jfd11RXyEYVrb795j24d1ofTUzu2
perf_0409@example.com,PerfTest@12345,hoeO5t2ZWSabLCQ5yHDRwkgNjiU2
perf_0410@example.com,PerfTest@12345,YD95owp9XAer5mX3xziN7Fn4FCV2
perf_0411@example.com,PerfTest@12345,R3ZYP62s5CZQo7IP3bXqcxXan233
perf_0412@example.com,PerfTest@12345,HS5lW00XpCdJrlmnSmLqO7mIXv02
perf_0413@example.com,PerfTest@12345,afQkMo41k9bOfeuUasMMQ6l4NXI2
perf_0414@example.com,PerfTest@12345,BHeGJaQmQwNgbnynqr7Y8kdKqhj1
perf_0415@example.com,PerfTest@12345,STCNdISqDqVq3W9CMlNd3aIFfSn2
perf_0416@example.com,PerfTest@12345,oAbqSBAeTmPsRvQXCmNChBcdMtb2
perf_0417@example.com,PerfTest@12345,9pgORLjjjEgf5V4lAiqjqkw614o1
perf_0418@example.com,PerfTest@12345,AwiKAFziHsVzXmFweQ1PPIsXiau2
perf_0419@example.com,PerfTest@12345,NrEdKm173UYvC6yiixB3zMzkjj02
perf_0420@example.com,PerfTest@12345,mYuf4kXbJVPQPVpgkE9WXgnPJxF2
perf_0421@example.com,PerfTest@12345,mtk9S1BZPpYml26ITiw7f3qpons2
perf_0422@example.com,PerfTest@12345,IwilomDQHpW4rb4mG4Ao2X3Bjd23
perf_0423@example.com,PerfTest@12345,yokLJtlyfcYJyb3mWos5PNEoB6G3
perf_0424@example.com,PerfTest@12345,APeaI5Ge1Cdjf3T2AYwlTvc1zGy1
perf_0425@example.com,PerfTest@12345,swHW5zpD37WSYaTiFmIOGAGqLwi2
perf_0426@example.com,PerfTest@12345,57WajumYsLgfbgf1dM459AXQVx73
perf_0427@example.com,PerfTest@12345,LOOWu3MWFpVfJJ5AjFN0Hikwnr62
perf_0428@example.com,PerfTest@12345,DJ8PEkXHVmfg5Qxugx08dW2OTsw1
perf_0429@example.com,PerfTest@12345,bN1cNPYBGPhPDwM0kpMTaniSkef1
perf_0430@example.com,PerfTest@12345,IG07UacfIDPo7GsPjw12lwZqwq13
perf_0431@example.com,PerfTest@12345,XZMFvHIKQFXfPn1kbucqD3zibtp2
perf_0432@example.com,PerfTest@12345,8yOfXmGxFiaY9KhAjANdvtaZAq52
perf_0433@example.com,PerfTest@12345,3ZbAtFjBJ0eZPhVoCnh7CU4TZhs1
perf_0434@example.com,PerfTest@12345,HvYqkiYQJVaCC3boePyeoyXv4Ki2
perf_0435@example.com,PerfTest@12345,v0HSBUF2eXWOHfw8JbIQMlg7pMX2
perf_0436@example.com,PerfTest@12345,D9Z3E3RBI5VIEN243Kfw9JiHiv82
perf_0437@example.com,PerfTest@12345,8kCvELyyx9fWVQ40NxD3GLyq2Fx1
perf_0438@example.com,PerfTest@12345,7cwQw144J6NmKfdQE9NHuxVlIcQ2
perf_0439@example.com,PerfTest@12345,lQ0qAnCkvEd1053xomV1aF6LIMW2
perf_0440@example.com,PerfTest@12345,smvralQEYlcIdli1hxfPKE40XEi1
perf_0441@example.com,PerfTest@12345,XKiIznvcQPNmSAGUl5cWmd6xpFz2
perf_0442@example.com,PerfTest@12345,PHRGM418gcNaR8tnxFPwXDf52zC3
perf_0443@example.com,PerfTest@12345,JrbD69pLAsY4iAPUvlYFEDJSZg43
perf_0444@example.com,PerfTest@12345,7PLPZ6VqlWWrldCX7ZckQTk0TI83
perf_0445@example.com,PerfTest@12345,rXfg6YUykiNgw1EaiIM0jVtHBER2
perf_0446@example.com,PerfTest@12345,aLzm9RgVX4dhkzpezjuxJzknJ7j2
perf_0447@example.com,PerfTest@12345,XFAcx618o3bGNT40zzuFtJ2YlR23
perf_0448@example.com,PerfTest@12345,oVIVuSOgaIUuAmqtcA4H1mifVPX2
perf_0449@example.com,PerfTest@12345,syLf9wZIaNTPtmILFltpwrVmhbh1
perf_0450@example.com,PerfTest@12345,aoJeK0hQweN9VjTzLtGGZEAUh0t2
perf_0451@example.com,PerfTest@12345,HU22hrG5b8ZmyyKFnb4HJbFyZYV2
perf_0452@example.com,PerfTest@12345,NdSBIL4ukecUVqp7y0lzUttRlyS2
perf_0453@example.com,PerfTest@12345,sGVku5ILpkfoi12LD7Yh0laHIyp2
perf_0454@example.com,PerfTest@12345,z4U5xH3kPReB0CwRbYgErDedpOz1
perf_0455@example.com,PerfTest@12345,ryROWAQmmSM832WxUKCrDUmHj7o1
perf_0456@example.com,PerfTest@12345,z4MOhZXy2FQ8DiIunwaftt0Al542
perf_0457@example.com,PerfTest@12345,NnlIx1x8loaWAaXDV91B2WdROjj2
perf_0458@example.com,PerfTest@12345,eTaHfn4KJBOiLIoKkmr45H1ed7s1
perf_0459@example.com,PerfTest@12345,6CnL9xRuvaYhDjUMdKcB9BowcjB3
perf_0460@example.com,PerfTest@12345,N81s8I6sl7emkjHWsX7ME8Ia85q2
perf_0461@example.com,PerfTest@12345,jfsG0aP2wNVfjr26tkyxD2cTlh03
perf_0462@example.com,PerfTest@12345,HtpPoWURXPQ3Ne9BLfMa9ExIhtU2
perf_0463@example.com,PerfTest@12345,DXkgwrk970h8Ij4lw6iYw9k3DsO2
perf_0464@example.com,PerfTest@12345,CfQVXcS382NkVOXbSkpMMFXskXj1
perf_0465@example.com,PerfTest@12345,zvbAiG4fhLW8MaCVDOprnZVmSmk2
perf_0466@example.com,PerfTest@12345,EtMgY1cilWMWfe34zZgvW2Fqp8j2
perf_0467@example.com,PerfTest@12345,uJpQIHoPUQTQSwCkeiGVOfGlew92
perf_0468@example.com,PerfTest@12345,2NNrWFiP7FQjjEhbWRhVslQluye2
perf_0469@example.com,PerfTest@12345,mZ8B49y4NfhliqrnaAh54bnUAyt2
perf_0470@example.com,PerfTest@12345,ARN0t60c2fNEJ32KowmqEnWQ9qu2
perf_0471@example.com,PerfTest@12345,M5nb5CmclhXtFOtPrsPgcQvmVGg2
perf_0472@example.com,PerfTest@12345,JaGKi892hjUsXWPhXhlPlRhccL63
perf_0473@example.com,PerfTest@12345,8NC8nHA9IagdUrfYAY2ZaPnK4an2
perf_0474@example.com,PerfTest@12345,kENwLWje9gSlIB3jsSSQSOYUHtl1
perf_0475@example.com,PerfTest@12345,lHe9TKLZLBTcJG9cJfNVNbzP9d43
perf_0476@example.com,PerfTest@12345,Tvphub0KBRUr49sFp4pgwTZuVHH3
perf_0477@example.com,PerfTest@12345,ZInmyLuFr5UfVKDVkUQpXC6p5JV2
perf_0478@example.com,PerfTest@12345,DE779vAPF3MsmBewKtnCm2vXjhB3
perf_0479@example.com,PerfTest@12345,Bzj5kZHRj2fWfhhdLyoXyTwvvHW2
perf_0480@example.com,PerfTest@12345,oM5lD85HwrRl3Cgac9cKYR3AzBB2
perf_0481@example.com,PerfTest@12345,FQFP6H1xlDMmhodt0i1u2x1yoRv2
perf_0482@example.com,PerfTest@12345,eDOIU38YZ4S1vWgno95XTHLCgB82
perf_0483@example.com,PerfTest@12345,86JK2segP0hupNob9z49i2ZE4I82
perf_0484@example.com,PerfTest@12345,xV3JsQKO0oQ9R5ff1S0XY2ln7vp1
perf_0485@example.com,PerfTest@12345,jCb5nk0fqgU4UxSO3pcdLcFPL2N2
perf_0486@example.com,PerfTest@12345,ffU9wwwS6iO153SmJDXVVpAk9Qs2
perf_0487@example.com,PerfTest@12345,hLW1vKZPAocc8YqEuLhBF7R0o792
perf_0488@example.com,PerfTest@12345,SC1qVBey3Uh7dD4oDZXV9IpZHVf2
perf_0489@example.com,PerfTest@12345,AnhjwGaRICQRM2heHoWPoriRcl72
perf_0490@example.com,PerfTest@12345,O62ixtBJQdT4PT2lLSiIhKXbXzk2
perf_0491@example.com,PerfTest@12345,mkKdlx3l6jXpCLuHIWRphEMbLtz1
perf_0492@example.com,PerfTest@12345,LWaDk3LuLvNa6EcKzkA71LkrsND3
perf_0493@example.com,PerfTest@12345,nl4ugPl8kYRcDojIPbDUGj1LM4a2
perf_0494@example.com,PerfTest@12345,QvxmHLhfVDXJOtjHw2Mn1QPrkXD3
perf_0495@example.com,PerfTest@12345,DEkO2VR5k2VqZ9eikgAlFhAdTHf1
perf_0496@example.com,PerfTest@12345,PuewJbHe8WZwvgFhaj4PGmPMm2p2
perf_0497@example.com,PerfTest@12345,oRLShognArQC2NDf3pMJnYDZMje2
perf_0498@example.com,PerfTest@12345,RHpCbuYNLqbTyHW5gzH3AaIad4y2
perf_0499@example.com,PerfTest@12345,OXeMFauqYtOYjfuENiHJ9lPf8xA3
perf_0500@example.com,PerfTest@12345,MjrGhBtggcQCIh1yk2LRihou4c12
perf_0501@example.com,PerfTest@12345,JK90GSEsugRUsP0qWa3LMTZ8KEk1
perf_0502@example.com,PerfTest@12345,zNYGjMVNIEbECKHqFAqBFE0CwAI2
perf_0503@example.com,PerfTest@12345,GXoFl9cVgFcDxXLfoLriYGhQSru2
perf_0504@example.com,PerfTest@12345,wJ2aEECGreSbZhvzBmrvpNEBrmI2
perf_0505@example.com,PerfTest@12345,TCaFPaNsD0dFZZFgJDtWejs06aw2
perf_0506@example.com,PerfTest@12345,dUNudZvbfqeTcUoSJXpUUeJ6xGS2
perf_0507@example.com,PerfTest@12345,WaOcM1HyURaqT6lbaxSMvpzGcGE3
perf_0508@example.com,PerfTest@12345,GFisjSoMAZeCEwSpPbwzK7z4amI3
perf_0509@example.com,PerfTest@12345,6ENnTAfdP7MhBSCQvMwSwKikWRw2
perf_0510@example.com,PerfTest@12345,HPKV7FZr3KViPgErudPmC7uXWIz1
perf_0511@example.com,PerfTest@12345,xS3piw4MdBVGCrKKxnDIjzExtWR2
perf_0512@example.com,PerfTest@12345,4HaBhN26unP7beaxdrerWbEx9un2
perf_0513@example.com,PerfTest@12345,h03SLXgU4wT7RmRY7Lo34hQtelD3
perf_0514@example.com,PerfTest@12345,6Def5HsJVZPtuoyJWgLSBAmU5lG3
perf_0515@example.com,PerfTest@12345,Cofql7DDvCOATj0y241I51Bo9XR2
perf_0516@example.com,PerfTest@12345,9YUDU4YrircpY0f5SZczMaSVuFu2
perf_0517@example.com,PerfTest@12345,xU6vmb6BsTQtVmOhPzQXk8pyLXN2
perf_0518@example.com,PerfTest@12345,QxIC4Kkp5gV492Fn2t3kIqEmRmi2
perf_0519@example.com,PerfTest@12345,qcFqJzeBpgUdSaNeC5WZOhq5JVy1
perf_0520@example.com,PerfTest@12345,eEJJiiuan3WXUShFk7nn2cxiMKY2
perf_0521@example.com,PerfTest@12345,yl98eXVkwzMMhPElwPf1AyZBX6U2
perf_0522@example.com,PerfTest@12345,PtsmNoYqR7MVdxx8CVH3KjODgou2
perf_0523@example.com,PerfTest@12345,o8s5oobE3FMPi0xLtzErOW5OHpv2
perf_0524@example.com,PerfTest@12345,ADAx9WHj5dTBleFtdbLnmVoXc6y2
perf_0525@example.com,PerfTest@12345,gUavil1wfiMfDLoMfeiVdja2pEg1
perf_0526@example.com,PerfTest@12345,JnSA2XHV41QJLHz0u6I1B9jnZYS2
perf_0527@example.com,PerfTest@12345,f0L7dfmFHCbWdUFWty3p4F7sprZ2
perf_0528@example.com,PerfTest@12345,zQgqzps0tuUPQDOG3TKQGABVGIN2
perf_0529@example.com,PerfTest@12345,96uibk28LiXIdpMMsVRnwcMagX42
perf_0530@example.com,PerfTest@12345,tYHUS4E6OVcTAbF224BMy585OKK2
perf_0531@example.com,PerfTest@12345,2FEaMsitujTaLY0dIhE7A1EkuSz1
perf_0532@example.com,PerfTest@12345,htwUmvLfOGQuuWAPcGGqy3nTgD83
perf_0533@example.com,PerfTest@12345,JreKIACbEyOhKSYko61JZTZri8C3
perf_0534@example.com,PerfTest@12345,WGOe3TGptTRogsd2n5JohGbx2FV2
perf_0535@example.com,PerfTest@12345,UJKOY1J9fhVEWUFM87bM3stOiJl1
perf_0536@example.com,PerfTest@12345,ZqUozMWPKUXOVJmu9j2gA8PIWhD3
perf_0537@example.com,PerfTest@12345,z2wVTkVnv5RhvFUQ2xm5TDzcGMu2
perf_0538@example.com,PerfTest@12345,1txxS73KfTQLk5m4j543Y2COnMB3
perf_0539@example.com,PerfTest@12345,pnAt14mmIFVpECbR3WyUgale5wm2
perf_0540@example.com,PerfTest@12345,j5S7mKGeGyNwFzHf2JLpiBtIzs03
perf_0541@example.com,PerfTest@12345,sblB2Yv4ZkMpPmciirDgf7NA5KG3
perf_0542@example.com,PerfTest@12345,V5s4pwAT0XewACY2HQ0z0Cw2TCq2
perf_0543@example.com,PerfTest@12345,lMEEf14O1fRNIkNeZSUzqGlrK853
perf_0544@example.com,PerfTest@12345,moo3LfgHLuh3YhmXwgyk31stKbM2
perf_0545@example.com,PerfTest@12345,zqcO07BV2ge9YMkDXLlNIKt9VpS2
perf_0546@example.com,PerfTest@12345,FzJymVhWcdeL1KdFNg1PeXk4i8u1
perf_0547@example.com,PerfTest@12345,nfHWmJSia9ckOvtJckTTW2g7exf1
perf_0548@example.com,PerfTest@12345,4osemT2LINUaIwsx9D3Rn840yH32
perf_0549@example.com,PerfTest@12345,CtAP093s0SYMCvSJsHnaOJUEmtt1
perf_0550@example.com,PerfTest@12345,0Iw9ThiU3PbnzBfU6rkIANEKcM72
perf_0551@example.com,PerfTest@12345,RkWXvafOAqfrxNUEdaoNDqc16R52
perf_0552@example.com,PerfTest@12345,cuqrtcp5UoM7El8lMhlcDqXnyeE2
perf_0553@example.com,PerfTest@12345,KkuTZ7SPkNgBaLU3XKxZr8PeQMj1
perf_0554@example.com,PerfTest@12345,No24jDNh8mev3x0i75Zlw17Ymys2
perf_0555@example.com,PerfTest@12345,RLmgYVGxPBdy521fwHPOciX4bLI3
perf_0556@example.com,PerfTest@12345,pSSMVdT8lTNdUo1aaduRa51hXER2
perf_0557@example.com,PerfTest@12345,HwOTZ5r2CCNRBgkxlKzyqbGh0vQ2
perf_0558@example.com,PerfTest@12345,YWSQM0Ql0WSti5xPj2GbgMFNbFn2
perf_0559@example.com,PerfTest@12345,QxVdrZhrnLcvAVvwzpC4HqmpJfp1
perf_0560@example.com,PerfTest@12345,f7MLspxELbUhnE81hadxyVqEBC62
perf_0561@example.com,PerfTest@12345,RXVkHPbpoeUcyPQtY3bJQdmq1mz2
perf_0562@example.com,PerfTest@12345,2XEjGbDMDjWmXvBS8Ldn7gSLB7m2
perf_0563@example.com,PerfTest@12345,Xn7hL3v6Wed0EPD0WpdsqBGZgk52
perf_0564@example.com,PerfTest@12345,cDfWfhn5WJMOaZFiqEpFvC6BX9u1
perf_0565@example.com,PerfTest@12345,MuEC1W3OEpVDr74fT80Q2C4IAmG3
perf_0566@example.com,PerfTest@12345,Eak41EAxu0gCz57iqMu4ciPuu7V2
perf_0567@example.com,PerfTest@12345,9EW1kRyz7ZOt2HLuQuFeoEh9hOk2
perf_0568@example.com,PerfTest@12345,MVaU56jbdyRHHNYqZIYqtoruCJC2
perf_0569@example.com,PerfTest@12345,LQzR9me5E4c7pcqgkN9De2P179v2
perf_0570@example.com,PerfTest@12345,APMLMH5yNGgGd0e0RkVdFLnTvoI3
perf_0571@example.com,PerfTest@12345,sx3wnGa7WVaoFFiteYwN844gO8A3
perf_0572@example.com,PerfTest@12345,nxm4wPRGSfQni7vIi8a6xEOuFx62
perf_0573@example.com,PerfTest@12345,7e8HqX5REdO0uTTSxnDMfzPFK9w1
perf_0574@example.com,PerfTest@12345,ZtqtJHAVcQPa9PIdxw5918uAyn02
perf_0575@example.com,PerfTest@12345,TcmOHz2xLzY8PaSxsx7X3IvblA63
perf_0576@example.com,PerfTest@12345,oan92hP9w3Q3dtHwtxmsYwguVyF2
perf_0577@example.com,PerfTest@12345,Q1XVIS5uDRRHqPxBYfHhfIeoPDF3
perf_0578@example.com,PerfTest@12345,ok4kjlhuaCeli8135udlUt6Gi1p1
perf_0579@example.com,PerfTest@12345,Pw2qPpcuzuaOlvOccxOgujoDUXI3
perf_0580@example.com,PerfTest@12345,FN2ia6Ii1zWJdKyY70I0RqOHqds2
perf_0581@example.com,PerfTest@12345,CiMxAE3NWDWnR10R7r8i8UMTsb12
perf_0582@example.com,PerfTest@12345,LdpIffNDJ8TBB5edxkx85ErcpcQ2
perf_0583@example.com,PerfTest@12345,bFzajAUvd4ZxRJGlxWOMWPWtfl53
perf_0584@example.com,PerfTest@12345,vgwS3OdUAYdYyiYRQQGFcKVIXQw2
perf_0585@example.com,PerfTest@12345,MrzJQ5nGEgPcSzp7xUmMYXlu2Up2
perf_0586@example.com,PerfTest@12345,45NTe9skuYM5xICfQSZQUnKrKR82
perf_0587@example.com,PerfTest@12345,yIaJTcDBl9ZmXK58OAt9orBoWKs2
perf_0588@example.com,PerfTest@12345,n1ami3wGU8ffIKmJdvSPUx2ag7H2
perf_0589@example.com,PerfTest@12345,cYEDtEps7LTVuMk5l41q4knk3b63
perf_0590@example.com,PerfTest@12345,N3Not5wgFlYCQQ9Ud1wPVtOwhm23
perf_0591@example.com,PerfTest@12345,32dJiUlScbbZzO9JoMmo9bscJrf2
perf_0592@example.com,PerfTest@12345,qDytqOYkfBZVhjYQCoMEbN01IZ53
perf_0593@example.com,PerfTest@12345,KZnEMelOESN3iM1xBU71Fwkxk623
perf_0594@example.com,PerfTest@12345,m3EzQsfKWBg3M0cjkoNCbsOicjm2
perf_0595@example.com,PerfTest@12345,o9ntu6EgIccBCTyKwUhhAxeJkSt2
perf_0596@example.com,PerfTest@12345,spmDGI47IxdxEXWLVo10V17scCa2
perf_0597@example.com,PerfTest@12345,pNmltdMxZ7ZKbvL87Iurkj2eYRs1
perf_0598@example.com,PerfTest@12345,tcdq6EQ77ocgYGVolsNWP3IkAF73
perf_0599@example.com,PerfTest@12345,0u8nPGNEVpaG8g7bs296NGpUYPI3
perf_0600@example.com,PerfTest@12345,mnzyy5o3sVg6irpcKOdMsXd3lJ13
perf_0601@example.com,PerfTest@12345,YqjjxOTRHChmy5dfadTr5PqHvYL2
perf_0602@example.com,PerfTest@12345,q1NjxDDF97OkxvZRTgkzZGynbWI3
perf_0603@example.com,PerfTest@12345,ahhxyPc5wHXB0J98FcTo9QwztwA3
perf_0604@example.com,PerfTest@12345,cymS5H4OtxbbxCxVzqjmeoOEsVm2
perf_0605@example.com,PerfTest@12345,QkiZKi1DBeRhHbNdp6AlMS6Y3Ys2
perf_0606@example.com,PerfTest@12345,nVHJGdJ5D9M91fIQlEGJ7POPyaf1
perf_0607@example.com,PerfTest@12345,ruevmtHhSpNe1UZFZv59WTCrdvB3
perf_0608@example.com,PerfTest@12345,cVsOcfoZPVX6xFGy25RxTzxar3z2
perf_0609@example.com,PerfTest@12345,185OtQgJiqatUqG1MB7jwk3TOTs1
perf_0610@example.com,PerfTest@12345,9g4sjWUJYQWNKl13VobkPevBuJP2
perf_0611@example.com,PerfTest@12345,vXqVlyI6QrhH3ELvcmTL7ZYnet93
perf_0612@example.com,PerfTest@12345,p4LT50vsXdNwD4TX7quNtLbUeVK2
perf_0613@example.com,PerfTest@12345,i98RQmmf8WhFYiwt7Fs5IKW846e2
perf_0614@example.com,PerfTest@12345,X8QNRvxek7gVEdZxhPQQ1hDdAKf1
perf_0615@example.com,PerfTest@12345,AYCKCkQFCdNiWdWbxQDdlwaJD5M2
perf_0616@example.com,PerfTest@12345,rw3gWH6VwUcRhmbWnrG0rLQ5XBr1
perf_0617@example.com,PerfTest@12345,tkxrdC2tFqYRSBvoHRiHrs0Jz9R2
perf_0618@example.com,PerfTest@12345,wmvfwZ0Ai1fKyRFmvAu5DhN2TPj1
perf_0619@example.com,PerfTest@12345,VacNqlsPVSNOIFFVjWiT1DRiW9t2
perf_0620@example.com,PerfTest@12345,w9toOVpPFoYjI3CnGg7thYSN0au1
perf_0621@example.com,PerfTest@12345,fvatdw42eNVD4oZQs74NsNz7K4W2
perf_0622@example.com,PerfTest@12345,XaC7fDIhsiUqncRywOhZ2mPTBRx1
perf_0623@example.com,PerfTest@12345,SQja3IbwSkZiiD5UmmRLjJqKomF2
perf_0624@example.com,PerfTest@12345,XWXPYD6luSOGPc1GeoMxOQUVftr1
perf_0625@example.com,PerfTest@12345,bC4ze2BnKKYM3VmrMwYb5xxL8O43
perf_0626@example.com,PerfTest@12345,k3TJwhae7PXooq6iaCnQvBkksDk1
perf_0627@example.com,PerfTest@12345,M7lGUJx8EzLOOgIIMmu5aJIXKZ52
perf_0628@example.com,PerfTest@12345,NI3OYZjAhWdTB7vZUCGSC8os56j1
perf_0629@example.com,PerfTest@12345,sGtwxpLSnVVQO5FRNwIa8Qj3LPq2
perf_0630@example.com,PerfTest@12345,W4HEPa8i7VS3obvqlRIqBVzF9Gy1
perf_0631@example.com,PerfTest@12345,5tK8rYwWsPQ5eTxxalAZgjYr50z2
perf_0632@example.com,PerfTest@12345,OP1Islc5goU8Wl31Y9Oxb3Mz3So1
perf_0633@example.com,PerfTest@12345,PzstWGmztqdInPGok3VvaznISIg2
perf_0634@example.com,PerfTest@12345,ECyilAgKnThTZoc4kw1yfxSsJRo1
perf_0635@example.com,PerfTest@12345,V0oanDN6OTZHWkQRPFFwRHxxX2k2
perf_0636@example.com,PerfTest@12345,8O44ZxVbNghgNfgHsV7WiyRVT1G2
perf_0637@example.com,PerfTest@12345,lsxR2DWs2MaVAUAR44Yb3hkTdx23
perf_0638@example.com,PerfTest@12345,b2bJBy9vlRe9rKmEcfwgphmDCLv2
perf_0639@example.com,PerfTest@12345,zWdd2urRAbUc5GtS2ALTjdPzRLH3
perf_0640@example.com,PerfTest@12345,01R2R95FJZUcO7H9wR9p61LKUes2
perf_0641@example.com,PerfTest@12345,zNeG9QSpvxYcmPGFXInSRYiPz2m1
perf_0642@example.com,PerfTest@12345,igF8jhRgW9SDIlw8mvAQdXIx3262
perf_0643@example.com,PerfTest@12345,zHdQnwmbSAMulSeK7mJE4vTTyYz2
perf_0644@example.com,PerfTest@12345,5lAfq0A4G4awXDrd5aQUgsS6pnn1
perf_0645@example.com,PerfTest@12345,BM0oTgwrSvZ5HibBfdbgyM3AYOw1
perf_0646@example.com,PerfTest@12345,kMQH3VPqajTRmFMfwcQSDLFuYCN2
perf_0647@example.com,PerfTest@12345,pENyhG7z0pdfpCs6WtRnSikAizu1
perf_0648@example.com,PerfTest@12345,VTl3a5n6qxUyRXCUqbzJsQoNWS73
perf_0649@example.com,PerfTest@12345,mreml9NSGsh1tYsFAL2XzUjDhTD3
perf_0650@example.com,PerfTest@12345,Jo8SoGUZOHNhtOGSGwh5CvRxvs92
perf_0651@example.com,PerfTest@12345,oug1dTntdQTOuB7i1Quhza2zMW73
perf_0652@example.com,PerfTest@12345,qhSJAdZjtaeHEc8NlDbKDV1dXFC2
perf_0653@example.com,PerfTest@12345,EL59s85338MXpFkt8UUNb2ISg223
perf_0654@example.com,PerfTest@12345,3JqNVHil4BaJHOMTclHonXGSJMM2
perf_0655@example.com,PerfTest@12345,FZaZoDm5iVcGNc9XDpNJ6i9pTXu1
perf_0656@example.com,PerfTest@12345,oGVD2cVIMKN07WhPF31tXCKBzDZ2
perf_0657@example.com,PerfTest@12345,9YmAVLv8CcUtyjePNN7TbdvU2uL2
perf_0658@example.com,PerfTest@12345,cQE7tVIARYWJg3LM3Y3M9J729jT2
perf_0659@example.com,PerfTest@12345,s98Gpb3nt7gMv6UdIYslMvuWr8q2
perf_0660@example.com,PerfTest@12345,bCrsQqON1wRPHhDLBVHiH3JUk6i1
perf_0661@example.com,PerfTest@12345,o9039HLR4jeHRpcK2nVNHxDTeK73
perf_0662@example.com,PerfTest@12345,Ew51vWdywOUGpG5w1vKF0SMiKpj1
perf_0663@example.com,PerfTest@12345,J8JmP5igkSRi568gHSKy74B80cL2
perf_0664@example.com,PerfTest@12345,gSuEzarB8JOfGv6WxICcxn5Z5FK2
perf_0665@example.com,PerfTest@12345,hb0W4bzuy5SKgzJzFiR1tD6sV1e2
perf_0666@example.com,PerfTest@12345,SNWHaDw1D0TkfaEaI3xWdK53jvw1
perf_0667@example.com,PerfTest@12345,C0KDsbdTIzU0ThKsuVL5n2VX3Jr1
perf_0668@example.com,PerfTest@12345,UHudrddGibUULbgo46O5jrDxKGU2
perf_0669@example.com,PerfTest@12345,xRNHR70oeMU2NxKL5ngCHjqAbnI3
perf_0670@example.com,PerfTest@12345,SuaQ3CvoVbaL2Nv4YoEUFaa99ml1
perf_0671@example.com,PerfTest@12345,xVpoKEHhNYhizVrSgRxwFtnhClv1
perf_0672@example.com,PerfTest@12345,27DwaVX9PcesihyX9bEXA98MR2l2
perf_0673@example.com,PerfTest@12345,C8hRgPmcksZCi3h1k1So0e3INLy1
perf_0674@example.com,PerfTest@12345,9q2t69bFwHS9gl3TorsJY5yQdWH2
perf_0675@example.com,PerfTest@12345,jvysQUa2wwcvfkcOYHkZ6p7hTvD2
perf_0676@example.com,PerfTest@12345,hPJnMYldjbSckpdn4Q7ntg6VK7q2
perf_0677@example.com,PerfTest@12345,NaXyUo9chrYTmANpzhEGwlZ0Jkm1
perf_0678@example.com,PerfTest@12345,2iogFnTqhBZFHhilQT3s0S1DVGw2
perf_0679@example.com,PerfTest@12345,XKjbSFj5RBYL5hGDE6kfhiVA6vk1
perf_0680@example.com,PerfTest@12345,gHOLigDFQceplJOZgbKZGuAafJJ2
perf_0681@example.com,PerfTest@12345,wzhwtEXosbPlnKD1haeWIrd1tPg2
perf_0682@example.com,PerfTest@12345,zinboigvo4ScTFcvsSUR1FaZpU72
perf_0683@example.com,PerfTest@12345,7WPa7mV5KFZWT7dSOn0JzVeWITg2
perf_0684@example.com,PerfTest@12345,JtYD0DiyHqh6of53UzUApsl2GBh1
perf_0685@example.com,PerfTest@12345,GRocFRZrgyLkAxFNljopaUi1azi1
perf_0686@example.com,PerfTest@12345,ppQTgfYmPRbctyCY61T5aRNbxgy2
perf_0687@example.com,PerfTest@12345,UitP8I2LYwMqpfILwabRHyUuzcp2
perf_0688@example.com,PerfTest@12345,WINlB5aRFZP7lS0pimDJzKGuvJA2
perf_0689@example.com,PerfTest@12345,UDYYy1y3i2aKUQCwiOiwydPspP22
perf_0690@example.com,PerfTest@12345,DgfqmAxR9vQOODe2PXTUjWNrXHt2
perf_0691@example.com,PerfTest@12345,pcRSY4n3kNeOGD7Kmh6xpCwqy1r1
perf_0692@example.com,PerfTest@12345,trarBY7xbJMMa2U4UuVZHO0UoyH2
perf_0693@example.com,PerfTest@12345,JBIe41VU8lgpi0ej81fxpeKQnOA2
perf_0694@example.com,PerfTest@12345,scy5JpKDMmVOcimPG2i6abNBFyk1
perf_0695@example.com,PerfTest@12345,qwkrzfI0rqU22jFcpgOBwWszIxT2
perf_0696@example.com,PerfTest@12345,4T74SFiNW3Nn2Txf1xqOKbOyi6q2
perf_0697@example.com,PerfTest@12345,MCRN1MbCFSPNGdBSSYahRFCBkJs2
perf_0698@example.com,PerfTest@12345,yYMZlpb9QRRL37ha65McBwkpxcM2
perf_0699@example.com,PerfTest@12345,rtEsiS0M8vaQwTYWtzBeHUgupdf2
perf_0700@example.com,PerfTest@12345,nfJuI9auZzem3TG5f2jB6zkesWY2
perf_0701@example.com,PerfTest@12345,0xcmZtWDfdW5qindVGlNSHRce6i2
perf_0702@example.com,PerfTest@12345,G9JHZv6drEfJvG12LJ6Fdttki7u2
perf_0703@example.com,PerfTest@12345,vWaI7dfoOIfLxiNgRSaxNPxpewq1
perf_0704@example.com,PerfTest@12345,koi1MArBU3gOohlXAan0Dhyjvr93
perf_0705@example.com,PerfTest@12345,LIeDBBFspCeYStoWUWdkqd0zsmf2
perf_0706@example.com,PerfTest@12345,fNhB9f2fxTQRW1prJ0qAA811Amc2
perf_0707@example.com,PerfTest@12345,bdCUyV3HB3RdpgCQc0PLKBNpsGX2
perf_0708@example.com,PerfTest@12345,dXFEVJbYOHTHsXGqCWgNJaGjWTU2
perf_0709@example.com,PerfTest@12345,MLey30v1F0XxJyFslnzT58kYK7j2
perf_0710@example.com,PerfTest@12345,tcz7jwqfo8VEWlX1exxOSaHD3Am2
perf_0711@example.com,PerfTest@12345,3VQzfW8gcmT5xPtPJOV59e338ir2
perf_0712@example.com,PerfTest@12345,6jjuuX37crV7rhZVbj1T27mITJG2
perf_0713@example.com,PerfTest@12345,tFvNignrEtgM3eFPSG07dVOPD8H3
perf_0714@example.com,PerfTest@12345,McQNHcCLdSUFm3nPDHjHPwS4QMt1
perf_0715@example.com,PerfTest@12345,Cs8KhVSiHDZEx4D5UATGWNBX3uJ3
perf_0716@example.com,PerfTest@12345,D6NG9vJpmYXgwmdKAPui3ZCXPY42
perf_0717@example.com,PerfTest@12345,YGupkPKFmIZkRRDqMyI4flCfG9I2
perf_0718@example.com,PerfTest@12345,SRxXGZRFBeUyN0yDIxzV7dC6mAg1
perf_0719@example.com,PerfTest@12345,X302SMCAZTcqKOO6nzPFdOWAlSh1
perf_0720@example.com,PerfTest@12345,9ofHT1vP2jVnVZgvC24IEfnX2Up1
perf_0721@example.com,PerfTest@12345,zwbwJ0t6dESCPIjRSOWFuZJnLXy1
perf_0722@example.com,PerfTest@12345,5g8MdvmKnjYuLT0O8dujqEcPkn13
perf_0723@example.com,PerfTest@12345,5AXve6zZIwhJZGvCvCBqknrywOB2
perf_0724@example.com,PerfTest@12345,WSv6wC63CtQZuuJYhcEMIlq2KyZ2
perf_0725@example.com,PerfTest@12345,jiB1ZCvNFwPtrFAiLfEP6HgWeIl2
perf_0726@example.com,PerfTest@12345,bn4btc9IugVnI3pYpw12YH6YQht2
perf_0727@example.com,PerfTest@12345,Kww5CyYBd1PEbBtRthnA5nSCEMK2
perf_0728@example.com,PerfTest@12345,8J44xHkFQogQfUQO262RgIwjfV13
perf_0729@example.com,PerfTest@12345,H9R0lnhpfyTLFmRuQOXXVBZOBJ92
perf_0730@example.com,PerfTest@12345,6CDVqLYxcreDS8pHyiJGlgnmJHs1
perf_0731@example.com,PerfTest@12345,yIMbuavpdVS5gflcWQ0CZEoRlUu2
perf_0732@example.com,PerfTest@12345,QnRksd94bUgfaqECIJpnGMPOYfZ2
perf_0733@example.com,PerfTest@12345,H51yB7xLKfdsp8QBIkGKiEiaI8m2
perf_0734@example.com,PerfTest@12345,hHVRF17HteeIp3FbMVJd99u5JFp1
perf_0735@example.com,PerfTest@12345,LBU5xveMTCXqHUMMEYaateZO6lJ2
perf_0736@example.com,PerfTest@12345,WIFk9RfBLvZpTTetY8thJ0HjFNP2
perf_0737@example.com,PerfTest@12345,S94vczOTZrfeRi2EZ0w4ZIqSbYG2
perf_0738@example.com,PerfTest@12345,fmssP974V4Nygb0ts1nhEx8QYVP2
perf_0739@example.com,PerfTest@12345,jol2eapUgEYqfHf2nLVUSbHNvGm2
perf_0740@example.com,PerfTest@12345,QINSbD7v2xawYn3j75BnMLrlfX53
perf_0741@example.com,PerfTest@12345,ru9GnMFZPWOtTg2ARrzM5AySY4v1
perf_0742@example.com,PerfTest@12345,0jBohEmaoSXWJjR17IPxbU5TDz92
perf_0743@example.com,PerfTest@12345,rZiio4iBfiSyCLT7pf5A3ht6tfq1
perf_0744@example.com,PerfTest@12345,ddwr1TGAIuU1CqMhi2Xoi0YOdCb2
perf_0745@example.com,PerfTest@12345,7V74Ty4jFoUopqMDgVgrLGrBVzl2
perf_0746@example.com,PerfTest@12345,Ar7eX3B24pSFF1e7qH7PD2P9MUg1
perf_0747@example.com,PerfTest@12345,fPYAOzg4ksYvRGWE4fifvKIjblt2
perf_0748@example.com,PerfTest@12345,rxHraI2DBZNrRFnlXOuE9yk97JP2
perf_0749@example.com,PerfTest@12345,a9irBQr5ztfv8ankK0NtLRKB7zf2
perf_0750@example.com,PerfTest@12345,MLK0QuNUNjPHTgLOhdpY7umdeTW2
perf_0751@example.com,PerfTest@12345,4WNjIoxOOJgc1qgVsiTNiSAgKwF3
perf_0752@example.com,PerfTest@12345,Z5MJkrvCQIRqXypLqVQVV2565m43
perf_0753@example.com,PerfTest@12345,dNoohLIU16UMcWoqgwjkCJSscgK2
perf_0754@example.com,PerfTest@12345,INSxM6doQbTQ3xUnMchkx0wHpTu1
perf_0755@example.com,PerfTest@12345,IIsciyCw8OgCoW2zMFfdQI4Y3jg1
perf_0756@example.com,PerfTest@12345,yJ1k8W8eg0T8LJoHK53p9MHlDpr1
perf_0757@example.com,PerfTest@12345,XN4U0Zt54pWY6az1CNQV9XzayVs1
perf_0758@example.com,PerfTest@12345,zarWnQV8svYXqyGbiOrO83N1aJg2
perf_0759@example.com,PerfTest@12345,6PFQgTVsDASthdroC85cLzthXMn2
perf_0760@example.com,PerfTest@12345,lb1Sq0jZdVWPMjZHWEfmYbBmwwy1
perf_0761@example.com,PerfTest@12345,94YKWf5PiNedOidkbUlLzkRbEG32
perf_0762@example.com,PerfTest@12345,j3937zIJIsPWXq4tQjiNk0bhpLO2
perf_0763@example.com,PerfTest@12345,MfQSi1xz8QVSXMS7CWNWSQWXiRI2
perf_0764@example.com,PerfTest@12345,bral4qo6RYSc80Np0UjWSwGiehu1
perf_0765@example.com,PerfTest@12345,VgEtB4rum0NzHZAPx9pE4p3zJxj2
perf_0766@example.com,PerfTest@12345,QUyfCUH4Gfa5wsexrmZuuSSKuhr2
perf_0767@example.com,PerfTest@12345,Ri2By7l80HbKXBXFc25yRH9ijLV2
perf_0768@example.com,PerfTest@12345,4n9yulnMlWRN8XQ7p3HmxNRKknA3
perf_0769@example.com,PerfTest@12345,RpSVXUi1sVgOWcumgJAw77un7sW2
perf_0770@example.com,PerfTest@12345,OsThWpgmYQcmXc6749QrE0MCyDw2
perf_0771@example.com,PerfTest@12345,cPcKXRRCHbXTpAJUqw7eyFdvYP63
perf_0772@example.com,PerfTest@12345,lEkGWphQgjSlFoEG07Modm2UwRs1
perf_0773@example.com,PerfTest@12345,RyrZ7KXMyBck9vg0imzO6Of0utT2
perf_0774@example.com,PerfTest@12345,MWj0qppGfuQ4Fb2qyojAfXHJGcg1
perf_0775@example.com,PerfTest@12345,flu2rC6pv9azPi3HxWmj6Tn5cdw2
perf_0776@example.com,PerfTest@12345,ZaNn4PpOZvTyXtTWBapziVk8o9J2
perf_0777@example.com,PerfTest@12345,RZOOKEFMmOSC7cKDy1GL01TkDhI2
perf_0778@example.com,PerfTest@12345,Eq1bC9C6FURAmuT8JTYy6thsUX02
perf_0779@example.com,PerfTest@12345,bGgpa2Quk3e9F89vC4bmjS10aI32
perf_0780@example.com,PerfTest@12345,iS5ZYMAPmsc52vwK6Esq2pfaO5v1
perf_0781@example.com,PerfTest@12345,aAT1LjQXOZdD95tbXuUx8ou1oTU2
perf_0782@example.com,PerfTest@12345,j2BJ50o1OQcGYK6yjAvAGMfEQNW2
perf_0783@example.com,PerfTest@12345,56SH28Gkm0XJ9QaLdWWLNr9BimE2
perf_0784@example.com,PerfTest@12345,icMy90deRzRmY3jKSteq5tv1UIz1
perf_0785@example.com,PerfTest@12345,C9dtAN8rXEg7Cr378GCBe0MdQOJ3
perf_0786@example.com,PerfTest@12345,APzNH4zDrghZgSRTtbYxIyxmelp1
perf_0787@example.com,PerfTest@12345,ogvoZ7jbCQe5ePxAbDvQ9xMKyUF2
perf_0788@example.com,PerfTest@12345,7HVuWBM1BBaiatMa8VBhkAl9imz1
perf_0789@example.com,PerfTest@12345,QHH4IfriXzTHESYZSXQyVLeU8ts1
perf_0790@example.com,PerfTest@12345,I26oytruGGUPtXTEOhVBcWTOxCi2
perf_0791@example.com,PerfTest@12345,ltD9b1S65nSnJKbb26KegNQaWGt2
perf_0792@example.com,PerfTest@12345,UHUgtI3WHndDbkJSL4GLYxpyuHy1
perf_0793@example.com,PerfTest@12345,bVqVb8d8TVf5E4Pqfk9WdtDWAjy1
perf_0794@example.com,PerfTest@12345,ozSCRm2EWnVHHMFsGsdySSVsp6X2
perf_0795@example.com,PerfTest@12345,zJFklzJD8BfqZ2yHo94eluxWiRr1
perf_0796@example.com,PerfTest@12345,cjRgyronXwXl1bXp7j5mxY82UaB3
perf_0797@example.com,PerfTest@12345,3ylWZmplVQQzIdrYJmcwDV8JT5j1
perf_0798@example.com,PerfTest@12345,Adr2jIKxMsbmZ0HEBhVvCoSlKa12
perf_0799@example.com,PerfTest@12345,0elH9ZChtaZmGu6SGQy5FsF0zD62
perf_0800@example.com,PerfTest@12345,Csl5xNY526XowIZyabIT1YdGbPR2
perf_0801@example.com,PerfTest@12345,9Hz34TMRGbRlqI2Thj60GrMXUuy2
perf_0802@example.com,PerfTest@12345,8VDXeGJPAASRoNv8Pl4xX5YDm262
perf_0803@example.com,PerfTest@12345,GieRWPVXQDXQWwsjj2Kg88VUYEG2
perf_0804@example.com,PerfTest@12345,yOcxl0aDjWamCla0jHHY8wITiYE3
perf_0805@example.com,PerfTest@12345,FURWf9QSJXO3ngcsyp5ca9yAWXR2
perf_0806@example.com,PerfTest@12345,vDZGfdyuQ4OSYAheAQnm7Sxshg32
perf_0807@example.com,PerfTest@12345,e4RIwrn3PWQCTuGYIWMXwJUcxJ32
perf_0808@example.com,PerfTest@12345,HH7t97z6zdfoLPLx9ZdhfvogCDs1
perf_0809@example.com,PerfTest@12345,tdqLsoJN7WYuVdn6aNzgthoDNyz1
perf_0810@example.com,PerfTest@12345,FDqxzRdTC1UaWFqChFMkXJw6Dap2
perf_0811@example.com,PerfTest@12345,vOXnw1xc0cYoOKEOvxBRt1R22xn1
perf_0812@example.com,PerfTest@12345,Sdpm2IvU3WRml7r7owbfFWjbXP43
perf_0813@example.com,PerfTest@12345,JnfqrzyPMvSYkXOKr7fbBskb6Ri2
perf_0814@example.com,PerfTest@12345,As3SubjzVGV5Dxe9daYYyr8Xobn2
perf_0815@example.com,PerfTest@12345,mqACFVAwoOQuYvIWxkeBVDd7A7t1
perf_0816@example.com,PerfTest@12345,0rE4bsScdbXTyw6KwvsIAOrdI0j2
perf_0817@example.com,PerfTest@12345,zRhexNj6Y3Wel1uozxprbBMJuhF2
perf_0818@example.com,PerfTest@12345,DhdjrfYQjiMXh34KhIcYiKduWsx2
perf_0819@example.com,PerfTest@12345,PdclEzOCtkWNu0g52pEo8Guxo552
perf_0820@example.com,PerfTest@12345,QkKv9OioSAe1q9XYoniCdculzz33
perf_0821@example.com,PerfTest@12345,7I9vf4cfoHOXSPlVyrHXYg6AohO2
perf_0822@example.com,PerfTest@12345,jpfztxFWZOUnRBZ9uaqVtELv7f23
perf_0823@example.com,PerfTest@12345,Q3ed5SyUDvRWZ6ddEW6VaODom2f1
perf_0824@example.com,PerfTest@12345,Yne9WJPUNiMCXFU0pBsoYv7YkPt1
perf_0825@example.com,PerfTest@12345,1ekrA5i2D2bkc5wskzC5v7KK14s1
perf_0826@example.com,PerfTest@12345,itRQ5OhjfGSwcQRhml4Ix09XEL13
perf_0827@example.com,PerfTest@12345,JR0Iiiz1tYSJ2o7MLi8rkBjWzSk2
perf_0828@example.com,PerfTest@12345,Tn67WBuxonTncOV28bhFtFEzW8z2
perf_0829@example.com,PerfTest@12345,xt3XmihFhiPJOGpCSEB5QTWAJZP2
perf_0830@example.com,PerfTest@12345,7KlWk4IJOyO9mYLxUJnCLgPrNR52
perf_0831@example.com,PerfTest@12345,XbyblO9O9ZYzznVmO3T9OKZQK1D3
perf_0832@example.com,PerfTest@12345,MdStqzC68hR6Bo2tLvlN2yzNYbp1
perf_0833@example.com,PerfTest@12345,ZOZ4COJGfGZEXh9JQnd8gZdJTt63
perf_0834@example.com,PerfTest@12345,3CdpxyQ4vnSHbPZlRcQXPwk9XsJ2
perf_0835@example.com,PerfTest@12345,qGfp6OOKT5UY4dsGE8KdjaLHiax2
perf_0836@example.com,PerfTest@12345,34KxfRCsM6PjcsQbo2rCcPwXs7d2
perf_0837@example.com,PerfTest@12345,OrsHoGlna7TWdJX78Ox6rTCwlva2
perf_0838@example.com,PerfTest@12345,ffrLIQpv1aRcjgcOvvbKjvrW23z2
perf_0839@example.com,PerfTest@12345,EPmLS7lpj7ZNfPnqS7wl3B1IBmj1
perf_0840@example.com,PerfTest@12345,t8BbUx9qwiZbs7Ii9rUdmx7YxFw2
perf_0841@example.com,PerfTest@12345,FcxkguHCLEbFlZk6t098wZnHKu92
perf_0842@example.com,PerfTest@12345,7rxd8bNKsgUDulLvb0IEd4Z8SFf2
perf_0843@example.com,PerfTest@12345,QaPDdCPAzOXkkmDQdxUcsn4JKdf1
perf_0844@example.com,PerfTest@12345,fGeOy1NNXDZyshwyTcgQYAn6dIf2
perf_0845@example.com,PerfTest@12345,mhkfcbOXCzaAdcpMDmnHfSqUa9q2
perf_0846@example.com,PerfTest@12345,i4g3yPKXZ2aJxyTrx2vKzLNDAdu1
perf_0847@example.com,PerfTest@12345,76yymsv9hpbON4aCxUcRvSR4ne02
perf_0848@example.com,PerfTest@12345,KW09AnZvSFRNIpSfD7MYE11fyM42
perf_0849@example.com,PerfTest@12345,GwetaiqIsXZEWCk9t7YDrT5ZsCL2
perf_0850@example.com,PerfTest@12345,5KXDGe7VVfQvZPea3sk5BF9235b2
perf_0851@example.com,PerfTest@12345,lN4qCnefhfWUocjSKF4uILBzXwB3
perf_0852@example.com,PerfTest@12345,FlcbYFC0npWsJnYnNjSOTeCXzYd2
perf_0853@example.com,PerfTest@12345,h74Qx4WLdzcs2m9XvkWRGyBBXqi2
perf_0854@example.com,PerfTest@12345,e0CYAVAGxNRa0ojSgN3hlytYKB12
perf_0855@example.com,PerfTest@12345,64JOI8DPXAYX4b85HIiTDAi5lFA3
perf_0856@example.com,PerfTest@12345,skf1L241sFUIlixghGXv07diu8b2
perf_0857@example.com,PerfTest@12345,3U3cxHQWtpZAW7CHESHIL8M8Cvu2
perf_0858@example.com,PerfTest@12345,9GvXyv0uqqcO3z9ypmVzq4FkaHm1
perf_0859@example.com,PerfTest@12345,XnDnfJ2vGDY6mS6wNixFzpsxfK82
perf_0860@example.com,PerfTest@12345,RxZyXjUQ7nW0gnfuqMgGFiWCB8q1
perf_0861@example.com,PerfTest@12345,MI0mTVVMU4Uz9pHRcG2iEmWVRvq2
perf_0862@example.com,PerfTest@12345,v7Sikd9anYYbDTyXoUDxso2Yzco1
perf_0863@example.com,PerfTest@12345,7982sgaad2RfoiQv4Qp8RckTKUA2
perf_0864@example.com,PerfTest@12345,eh4trlU4Zohm94Nb5zjvvuO6WOs1
perf_0865@example.com,PerfTest@12345,Dq2e1QmVubdcbLsJmHmRJDLKfol2
perf_0866@example.com,PerfTest@12345,LeGmsjP4eDPXBAfgYh7lHWQgIK73
perf_0867@example.com,PerfTest@12345,W2aqvVJ1u8Tmlv5sVtQ7wrUln2E2
perf_0868@example.com,PerfTest@12345,4Dbh15YrleWviONsCq8E2XkivTU2
perf_0869@example.com,PerfTest@12345,UHvRvtRaiMNHupnmTSeDzde0LQh1
perf_0870@example.com,PerfTest@12345,hrAX1XRlBndLcdD5WHmsDqhj28D2
perf_0871@example.com,PerfTest@12345,xlbWWbQlPSSaLjAy7E06V1IAJbk2
perf_0872@example.com,PerfTest@12345,KzgkTqB2r4NJWaRvZ0fSCFq0zLx1
perf_0873@example.com,PerfTest@12345,QGn5WLwEBUWcfWxxzeXbLggX1yk1
perf_0874@example.com,PerfTest@12345,Bamv4Aac7JfzRlIMfkKTzAuTlzz2
perf_0875@example.com,PerfTest@12345,R7ACNY5gWWU5XH6sqYLT0BR7P1d2
perf_0876@example.com,PerfTest@12345,5eqBohoaaYhpbz4wmP3qGCuOfR43
perf_0877@example.com,PerfTest@12345,ubtblGTvg9QUjSJC9dGQmf9t9E42
perf_0878@example.com,PerfTest@12345,uO9v7tjOLbYTfuEs12uYrInvO8i2
perf_0879@example.com,PerfTest@12345,uwlzaZH9j2fEIe1mazFD7LR3SYw2
perf_0880@example.com,PerfTest@12345,KVL91B3nqqMR8SVTb6rRAMjlKzE3
perf_0881@example.com,PerfTest@12345,RhUhdXTl4gUaLY7izGb4dwpUsfL2
perf_0882@example.com,PerfTest@12345,U57wSV0LYle1McYtO824bkXr15v1
perf_0883@example.com,PerfTest@12345,LFkEzBLqPWZ9iKYXwCduBlLiwLt1
perf_0884@example.com,PerfTest@12345,AjyDSfnxmvYIcaPg5voTLfzynxu1
perf_0885@example.com,PerfTest@12345,3jLLBVhizwOfIpRQgURpyyKPmZV2
perf_0886@example.com,PerfTest@12345,lVOasDf0g0fxW0FKcenUMDr0LUv2
perf_0887@example.com,PerfTest@12345,w7mfYn8IKqcrEAoYmGhMHkPRCtG3
perf_0888@example.com,PerfTest@12345,z0Er2NogVJYG4ZM0sLuR0gYiKS62
perf_0889@example.com,PerfTest@12345,WiEB33FuJMh0yRUnPzngPvoWux53
perf_0890@example.com,PerfTest@12345,WgV4A2SalVZTcX9YqcdltUNIuEr1
perf_0891@example.com,PerfTest@12345,hwHY8JF8scOMZvlBWd5uiX1p6Kh1
perf_0892@example.com,PerfTest@12345,b2YpP7w8NWaFVGzxjpIGNClCRji1
perf_0893@example.com,PerfTest@12345,yA2v3Ad8HWSCLDibvONsTUckAV62
perf_0894@example.com,PerfTest@12345,ZdABLGo5ddMEyatoFrklPbMpsWB2
perf_0895@example.com,PerfTest@12345,6JxfL03kBdflcZCzFfHZVnvRb6K2
perf_0896@example.com,PerfTest@12345,OH4cCn1ozuYBUxNn7UDnBxat6Gf2
perf_0897@example.com,PerfTest@12345,vV98hStbTCNfJ82RAyu9eEKApAm2
perf_0898@example.com,PerfTest@12345,Ggr3GsNDr2Ukh7vc5kpFqmpsXRc2
perf_0899@example.com,PerfTest@12345,BvdImuTmZAVC7Z10losaK4fhjO53
perf_0900@example.com,PerfTest@12345,3YGhJvdZJSa0YbO7WAWLVsnD2Hh1
perf_0901@example.com,PerfTest@12345,32cbJEvMe9ciZ5PEiOWr6oiVy9Z2
perf_0902@example.com,PerfTest@12345,PjJDw2BZTJg7fvthjn0qODG6t963
perf_0903@example.com,PerfTest@12345,byK1d89mWXM4HpnjYvx7zBJ1PcZ2
perf_0904@example.com,PerfTest@12345,3SaRosinblan2XAmMZUVINYi3eF2
perf_0905@example.com,PerfTest@12345,SGl6OuXRGXSnMpBIKDjyt1rqy6s1
perf_0906@example.com,PerfTest@12345,QPCmzkO55bOnRBBBI1l67RS3Q7B3
perf_0907@example.com,PerfTest@12345,pYYyVYtx3VaMOz2RZ6MSQqN2Xyx2
perf_0908@example.com,PerfTest@12345,ttZ1uZD7mrMKmKtDTdeJq7eVFsy2
perf_0909@example.com,PerfTest@12345,qrUX7xzYOrgLTezSeCZ43bDwH613
perf_0910@example.com,PerfTest@12345,YvcagNxc4gfzNvBOW9YYNfNVoUD2
perf_0911@example.com,PerfTest@12345,wlXwok2FSygjVewzSdDePHhUus82
perf_0912@example.com,PerfTest@12345,xRah1qZEZtZ8mttgDo6am3NqVn32
perf_0913@example.com,PerfTest@12345,GL2OKFBqqPRp4AW4m0kMbczSEJD3
perf_0914@example.com,PerfTest@12345,358YgAm9FAZfm81rbw6dnoKrlXs2
perf_0915@example.com,PerfTest@12345,4CKkhLbUshRhEZ9AxDofnEh7NCE3
perf_0916@example.com,PerfTest@12345,BkXrCzQ86chwsAo0IMTHT5Q1deF3
perf_0917@example.com,PerfTest@12345,N5W5pUThjHQIySOlBHgrwnd7KZ03
perf_0918@example.com,PerfTest@12345,zdCSyKyYTfd9s0wuN2dorXmZjXq2
perf_0919@example.com,PerfTest@12345,AZKBmwNTAVctBkd50JUuqALBCUo1
perf_0920@example.com,PerfTest@12345,86U3g7RhnHfq38h4qxBUEBQ1I6q1
perf_0921@example.com,PerfTest@12345,IXOJ2WwqLsMU35UkhMVA6ZfWzdK2
perf_0922@example.com,PerfTest@12345,slSnNOiRWafy62rE6gai3XouuI12
perf_0923@example.com,PerfTest@12345,bf6ofz641odQaBWl0WpmN5cGv4D3
perf_0924@example.com,PerfTest@12345,8HPxFqsWfnVq41s94P6jP21r0mz2
perf_0925@example.com,PerfTest@12345,ROabXtioZwSH46fRIEKLnUt6n1o2
perf_0926@example.com,PerfTest@12345,7dQioDypQgRR14zjrzTNWO1FyLy1
perf_0927@example.com,PerfTest@12345,QfjaF3xMwAOgRxQljLC2yPqh5E92
perf_0928@example.com,PerfTest@12345,wHRLotdiPBhmz5ou1ZbjQCA05QT2
perf_0929@example.com,PerfTest@12345,TCk1zXVyWugMustLrZMat9DEzF03
perf_0930@example.com,PerfTest@12345,3tGAWcZPCxgB6vdnYIrza3ZrqB62
perf_0931@example.com,PerfTest@12345,lc6wIiuVpEZqlIgbvXaQa7V5Hif1
perf_0932@example.com,PerfTest@12345,KVrrLeeWplQ43iY7sJn79PK6vDD2
perf_0933@example.com,PerfTest@12345,seQAS0djKqSlPvXOnZkVbFgRCd63
perf_0934@example.com,PerfTest@12345,WtnV6P2JxqMxVgzWYyFliVr0Bot1
perf_0935@example.com,PerfTest@12345,mJJpGFn1v0MWk13lIrS9ugRfjc13
perf_0936@example.com,PerfTest@12345,drOZx9PcB8RaWKstq4tQruV1A973
perf_0937@example.com,PerfTest@12345,4pq9yli4RvPqDzpxESSDg6PiXxP2
perf_0938@example.com,PerfTest@12345,bEwidO8W1LcFe7i0vchfwlaRuYe2
perf_0939@example.com,PerfTest@12345,USyBzaCns1WRdDNLzqjsI8R89Xy2
perf_0940@example.com,PerfTest@12345,l9IkDLu898WLgNhiFYyHTb9hf8A3
perf_0941@example.com,PerfTest@12345,2Qy5SdrzbzTVwbDIlLm1IOEKvgJ3
perf_0942@example.com,PerfTest@12345,5vuC3SEQcHNFbiL4MW8DW87Km063
perf_0943@example.com,PerfTest@12345,UdI20Gj4KyPnVY2PWnLTjRicd2X2
perf_0944@example.com,PerfTest@12345,skMLkNuk9fPZOIPXniTnIsPN13w1
perf_0945@example.com,PerfTest@12345,Ig7APo7Hk0c1qZbjDuhaPSCZ7Si2
perf_0946@example.com,PerfTest@12345,7HzbBiq5lPYGNDqdlShZ4kYASvF3
perf_0947@example.com,PerfTest@12345,DPE2NYZjnZZEr6b9a9JrsUjRNdB3
perf_0948@example.com,PerfTest@12345,fW053kErIKZUjc4R9BOWXXhkR273
perf_0949@example.com,PerfTest@12345,UC5RheciiobofsS1tvgMWZMY9LQ2
perf_0950@example.com,PerfTest@12345,6BH3bEelvsbNuna9tHwSQWbFPmC2
perf_0951@example.com,PerfTest@12345,f6fv0d1bKaX1oKJYzBTd7P8PwZq1
perf_0952@example.com,PerfTest@12345,hMdvseF2OzSLyo3NUpP2enEz1ei2
perf_0953@example.com,PerfTest@12345,5CsspOzd20Ujc3r9Hy09UqQh1QE2
perf_0954@example.com,PerfTest@12345,VJn8TRlO5mgoRUlYfEURVwfcxjk2
perf_0955@example.com,PerfTest@12345,86gM1Vf8slW5qQyRjG5jlCdifR02
perf_0956@example.com,PerfTest@12345,7t9IYN2ipNcy9FaIeQbYgTyX6562
perf_0957@example.com,PerfTest@12345,jzLRuopNzoRnlPDrMzew0zkSKmr1
perf_0958@example.com,PerfTest@12345,bgxYJAdSfQR4a0jBuD7uyHXlo3n2
perf_0959@example.com,PerfTest@12345,CkxAnznv3Za8N11Fyajp1vYTcgK2
perf_0960@example.com,PerfTest@12345,MmhlU2nJ4RRPpMs4hrez1P0eL7s1
perf_0961@example.com,PerfTest@12345,FNSY71bNRNaiu2jsUH9ZpyetcDj2
perf_0962@example.com,PerfTest@12345,2cEmtkfuJJPBqQS3PYbbuiiDCch1
perf_0963@example.com,PerfTest@12345,9iUcMXeOGbVlhSsv4kt7thKOyqA3
perf_0964@example.com,PerfTest@12345,s4W17YHMMRV27s08yujwEs4py5e2
perf_0965@example.com,PerfTest@12345,fU17MZcSJFbNvYrnzefBCXjVOEt2
perf_0966@example.com,PerfTest@12345,EToD0Mu7EcYpLVcgSpTF7JO9nMm1
perf_0967@example.com,PerfTest@12345,8V9NgSPB5QMIcusTrS7RU8UoRhs2
perf_0968@example.com,PerfTest@12345,6Bwzp2pm7ThsbPYM9cT0WDUEKAj2
perf_0969@example.com,PerfTest@12345,ondurds7R0dILKfAIN1xBKCs7tl1
perf_0970@example.com,PerfTest@12345,jgtBnpAuSdMpGnt631Ividtvhqq2
perf_0971@example.com,PerfTest@12345,OjQTkHMRtJcpYpLPlmvWOGygzdt1
perf_0972@example.com,PerfTest@12345,z9VqZVDVv6R4KaWFCwu7mmmHjqh1
perf_0973@example.com,PerfTest@12345,UCVWqRcPgCQCIowcmZ1JJCUq6jy1
perf_0974@example.com,PerfTest@12345,KOdiroLohycMIru9Tsqx5wabKR12
perf_0975@example.com,PerfTest@12345,3vaE9Dl2Oaflws7aP5njf17NF7v2
perf_0976@example.com,PerfTest@12345,a2k0guOe6LRQdAD88JXs9UtIAY22
perf_0977@example.com,PerfTest@12345,qxgZBEBaZRbtIUDqgTr3zlW6fEd2
perf_0978@example.com,PerfTest@12345,NhE1Q1bMQAemf3VtYAhwOWNKlBq1
perf_0979@example.com,PerfTest@12345,V0pdtZ4ogWTpsrQhMEfUpwQ0GE93
perf_0980@example.com,PerfTest@12345,Mw8zh4VkjDYXsLrgn4lazQxlT033
perf_0981@example.com,PerfTest@12345,10QUfdgpiOMEZf8eaaNLtksId0q2
perf_0982@example.com,PerfTest@12345,TztHNMPVRfXqFrHmBpX09ByB2do1
perf_0983@example.com,PerfTest@12345,iygxro5Kh3S0i4emuhPGazrV73f1
perf_0984@example.com,PerfTest@12345,IllLLz0Ndqb7S7gh5ZcDcuC8tE02
perf_0985@example.com,PerfTest@12345,mYP7UW6CyNWvkAnm68EFDqFUfbH3
perf_0986@example.com,PerfTest@12345,ikdk1IVHJ8RPN55V5ja5kqjexpo1
perf_0987@example.com,PerfTest@12345,cllos2FNQ4hV9BY5E3vRdcZ3gM73
perf_0988@example.com,PerfTest@12345,uPtgjPwz1NUC6tiNoQq0ynqFqdg1
perf_0989@example.com,PerfTest@12345,JyaiP7w6xJaXeWJdgFChsbDcuqg1
perf_0990@example.com,PerfTest@12345,NlRqoYfQTOZrec9fibnpFKR19Lj1
perf_0991@example.com,PerfTest@12345,PfIO1YWuywTWwtylnbgSYQ60ziC2
perf_0992@example.com,PerfTest@12345,4z6gbQYjklZKR5gADq12xPWnoA23
perf_0993@example.com,PerfTest@12345,an4nDxkLQeXOi6yTLMGJgDhG6JT2
perf_0994@example.com,PerfTest@12345,c3z3fKuCYRYhTgVhRYIppcfv0rv2
perf_0995@example.com,PerfTest@12345,3QH44eSl2PY40iPWNyiZYaRJv4V2
perf_0996@example.com,PerfTest@12345,GaK24sCccCOPuxgmvjnunlvpQVX2
perf_0997@example.com,PerfTest@12345,aQHeeaao90YzNnzS1gChk3ZyBFU2
perf_0998@example.com,PerfTest@12345,mVFZpjHx1PSomJm24mhUxOIGYZr2
perf_0999@example.com,PerfTest@12345,FHOvkwTwWKgbjlCOLqEMb13Wwcy2
perf_1000@example.com,PerfTest@12345,4HbmR09B3FR3eDSZS7j4BeTTRF33